IUPAC Name;Common Name;Abbreviation;Inchi;SMILES;SAScore;Reference
propan-2-one;Acetone;DMK(ACE);InChI=1S/C3H6O/c1-3(2)4/h1-2H3;CC(C)=O;1.655;Journal of The Electrochemical Society, 165 (10) A2365-A2373 (2018) (DOI:10.1149/2.1351810jes)
butan-2-one;Methyl ethyl ketone;MEK;InChI=1S/C4H8O/c1-3-4(2)5/h3H2,1-2H3;CCC(C)=O;1.846;Journal of The Electrochemical Society, 165 (10) A2365-A2373 (2018) (DOI:10.1149/2.1351810jes)
1-methylpyrrolidin-2-one;n-Methyl-2-pyrrolidone;NMP;InChI=1S/C5H9NO/c1-6-4-2-3-5(6)7/h2-4H2,1H3;CN1CCCC1=O;2.125;J. Electrochem. Soc. 2015,162 A3084 (DOI:10.1149/2.0121502jes)
1-phenylethanone;Acetophenone;;InChI=1S/C8H8O/c1-7(9)8-5-3-2-4-6-8/h2-6H,1H3;CC(=O)c1ccccc1;1.097;Journal of Power Sources,28,(1989),345-359(DOI:10.1016/0378-7753(89)80064-3)
ethoxyethane;Diethyl ether;DE(DEE2);InChI=1S/C4H10O/c1-3-5-4-2/h3-4H2,1-2H3;CCOCC;1.906;Chem. Sci., 2024, 15, 4238(DOI:10.1039/d3sc06650a)
2-propan-2-yloxypropane;Diisopropyl ether;DIPE(DIE);InChI=1S/C6H14O/c1-5(2)7-6(3)4/h5-6H,1-4H3;CC(C)OC(C)C;2.306;Journal of Power Sources 551 (2022) 232211(DOI:10.1016/j.jpowsour.2022.232211)
1-butoxybutane;Dibutyl ether;DBE;InChI=1S/C8H18O/c1-3-5-7-9-8-6-4-2/h3-8H2,1-2H3;CCCCOCCCC;1.644;Chem. Commun., 2018, 54, 5478-5481 (DOI: 10.1039/C8CC02552E)
2-methoxy-2-methylpropane;Methyl tert butyl ether;MTBE;InChI=1S/C5H12O/c1-5(2,3)6-4/h1-4H3;COC(C)(C)C;2.060;J. Electrochem. Soc. 2015,162 A3084 (DOI:10.1149/2.0121502jes)
1,4-dioxane;1,4-Dioxane;1,4-DX(DIOX);InChI=1S/C4H8O2/c1-2-6-4-3-5-1/h1-4H2;C1COCCO1;2.231;Journal of The Electrochemical Society, 164 (2) A54-A60 (2017) (DOI:10.1149/2.0211702jes)
oxolane;Tetrahydrofuran;THF;InChI=1S/C4H8O/c1-2-4-5-3-1/h1-4H2;C1CCOC1;2.026;Green Chem., 2017, 19, 1828?1849(DOI:10.1039/c7gc00252a)
methyl acetate;Methyl acetate;MA;InChI=1S/C3H6O2/c1-3(4)5-2/h1-2H3;COC(C)=O;1.736;Green Chem., 2017, 19, 1828?1849(DOI:10.1039/c7gc00252a)
ethyl acetate;Ethyl acetate;EA;InChI=1S/C4H8O2/c1-3-6-4(2)5/h3H2,1-2H3;CCOC(C)=O;1.756;Green Chem., 2017, 19, 1828?1849(DOI:10.1039/c7gc00252a)
propan-2-yl acetate;Isopropyl acetate;iPA;InChI=1S/C5H10O2/c1-4(2)7-5(3)6/h4H,1-3H3;CC(=O)OC(C)C;2.060;Journal of The Electrochemical Society, 165 (10) A2365-A2373 (2018) (DOI:10.1149/2.1351810jes)
butyl acetate;n-Butyl acetate;nBA;InChI=1S/C6H12O2/c1-3-4-5-8-6(2)7/h3-5H2,1-2H3;CCCCOC(C)=O;1.654;Journal of The Electrochemical Society, 165 (10) A2365-A2373 (2018) (DOI:10.1149/2.1351810jes)
N,N-dimethylformamide;Dimethylformamide;DMF;InChI=1S/C3H7NO/c1-4(2)3-5/h3H,1-2H3;CN(C)C=O;2.664;Journal of The Electrochemical Society, 165 (10) A2365-A2373 (2018) (DOI:10.1149/2.1351810jes)
N,N-dimethylacetamide;Dimethylacetamide;DMA;InChI=1S/C4H9NO/c1-4(6)5(2)3/h1-3H3;CC(=O)N(C)C;1.982;Energy Technol. 2025, 2500556(DOI:10.1002/ente.202500556)
methylsulfinylmethane;Dimethylsulphoxide;DMSO;InChI=1S/C2H6OS/c1-4(2)3/h1-2H3;CS(C)=O;3.111;Green Chem., 2017, 19, 1828?1849(DOI:10.1039/c7gc00252a)
thiolane 1,1-dioxide;Sulfolane;SFL(SL,TMS);InChI=1S/C4H8O2S/c5-7(6)3-1-2-4-7/h1-4H2;O=S1(=O)CCCC1;2.689;Green Chem., 2017, 19, 1828?1849(DOI:10.1039/c7gc00252a)
nitrobenzene;Nitrobenzene;;InChI=1S/C6H5NO2/c8-7(9)6-4-2-1-3-5-6/h1-5H;O=[N+]([O-])c1ccccc1;1.317;Chem. Mater. 2021, 33, 3, 978?986
pyridine;Pyridine;;InChI=1S/C5H5N/c1-2-4-6-5-3-1/h1-5H;c1ccncc1;1.372;Angew. Chem. Int. Ed. 2023, 62, e202302302(DOI:10.1002/anie.202302302)
2-nitropropane;2-Nitropropane;;InChI=1S/C3H7NO2/c1-3(2)4(5)6/h3H,1-2H3;CC(C)[N+](=O)[O-];2.559;Radin, N., De Vries, T. (1952). Some Aliphatic Nitro Compounds and n-Butyl Nitrate in Nonaqueous Solvents. Analytical Chemistry, 24(6), 971-973.
acetonitrile;Acetonitrile;ACN(ATN,AN,CAN);InChI=1S/C2H3N/c1-2-3/h1H3;CC#N;3.362;Journal of The Electrochemical Society, 165 (10) A2365-A2373 (2018) (DOI:10.1149/2.1351810jes)
dimethyl carbonate;dimethyl carbonate;DMC;InChI=1S/C3H6O3/c1-5-3(4)6-2/h1-2H3;COC(=O)OC;2.260;Green Chem., 2017, 19, 1828?1849(DOI:10.1039/c7gc00252a)
fluoromethyl methyl carbonate;monofluorinated dimethyl carbonate;MFDMC;InChI=1S/C3H5FO3/c1-6-3(5)7-2-4/h2H2,1H3;COC(=O)OCF;2.844;Electrochemistry 76.1 (2008): 2-15(DOI:10.5796/electrochemistry.76.2)
diethyl carbonate;diethyl carbonate;DEC;InChI=1S/C5H10O3/c1-3-7-5(6)8-4-2/h3-4H2,1-2H3;CCOC(=O)OCC;1.813;Green Chem., 2017, 19, 1828?1849(DOI:10.1039/c7gc00252a)
ethyl 2-fluoroethyl carbonate;ethyl fluoroethyl carbonate;EFEC(F2DEC);InChI=1S/C5H9FO3/c1-2-8-5(7)9-4-3-6/h2-4H2,1H3;CCOC(=O)OCCF;2.424;Green Chem., 2017, 19, 1828?1849(DOI:10.1039/c7gc00252a)
2,2-difluoroethyl ethyl carbonate;ethyl difluoroethyl carbonate;EDFEC(DFDEC);InChI=1S/C5H8F2O3/c1-2-9-5(8)10-3-4(6)7/h4H,2-3H2,1H3;CCOC(=O)OCC(F)F;2.483;Green Chem., 2017, 19, 1828?1849(DOI:10.1039/c7gc00252a)
ethyl 2,2,2-trifluoroethyl carbonate;ethyl trifluoroethyl carbonate;ETFEC(TFDEC);InChI=1S/C5H7F3O3/c1-2-10-4(9)11-3-5(6,7)8/h2-3H2,1H3;CCOC(=O)OCC(F)(F)F;2.260;Green Chem., 2017, 19, 1828?1849(DOI:10.1039/c7gc00252a)
ethyl methyl carbonate;ethyl methyl carbonate;EMC;InChI=1S/C4H8O3/c1-3-7-4(5)6-2/h3H2,1-2H3;CCOC(=O)OC;1.927;Green Chem., 2017, 19, 1828?1849(DOI:10.1039/c7gc00252a)
2-fluoroethyl methyl carbonate;2-Fluoroethyl methyl carbonate;MFEMC(F1EMC);InChI=1S/C4H7FO3/c1-7-4(6)8-3-2-5/h2-3H2,1H3;COC(=O)OCCF;2.602;Green Chem., 2017, 19, 1828?1849(DOI:10.1039/c7gc00252a)
2,2-difluoroethyl methyl carbonate;2,2-Difluoroethyl methyl carbonate;DFEMC(F2EMC);InChI=1S/C4H6F2O3/c1-8-4(7)9-2-3(5)6/h3H,2H2,1H3;COC(=O)OCC(F)F;2.647;Green Chem., 2017, 19, 1828?1849(DOI:10.1039/c7gc00252a)
methyl 2,2,2-trifluoroethyl carbonate;Methyl 2,2,2-trifluoroethyl carbonate;FEMC(TFEMC,MTFEC,F3EMC);InChI=1S/C4H5F3O3/c1-9-3(8)10-2-4(5,6)7/h2H2,1H3;COC(=O)OCC(F)(F)F;2.379;Green Chem., 2017, 19, 1828?1849(DOI:10.1039/c7gc00252a)
methyl propyl carbonate;methyl-propyl carbonate;MPC;InChI=1S/C5H10O3/c1-3-4-8-5(6)7-2/h3-4H2,1-2H3;CCCOC(=O)OC;2.024;Green Chem., 2017, 19, 1828?1849(DOI:10.1039/c7gc00252a)
3-fluoropropyl methyl carbonate;3-Fluoropropyl methyl carbonate;FPMC;InChI=1S/C5H9FO3/c1-8-5(7)9-4-2-3-6/h2-4H2,1H3;COC(=O)OCCCF;2.493;Green Chem., 2017, 19, 1828?1849(DOI:10.1039/c7gc00252a)
2-fluoropropyl methyl carbonate;2-Fluoropropyl methyl carbonate;2FPMC;InChI=1S/C5H9FO3/c1-4(6)3-9-5(7)8-2/h4H,3H2,1-2H3;COC(=O)OCC(C)F;3.103;Green Chem., 2017, 19, 1828?1849(DOI:10.1039/c7gc00252a)
methyl 3,3,3-trifluoropropyl carbonate;Carbonic acid methyl 3,3,3-trifluoropropyl ester;TrFPMC;InChI=1S/C5H7F3O3/c1-10-4(9)11-3-2-5(6,7)8/h2-3H2,1H3;COC(=O)OCCC(F)(F)F;2.424;Green Chem., 2017, 19, 1828?1849(DOI:10.1039/c7gc00252a)
methyl 2,2,3,3-tetrafluoropropyl carbonate;Methyl 2,2,3,3-tetrafluoropropyl carbonate;TeFPMC;InChI=1S/C5H6F4O3/c1-11-4(10)12-2-5(8,9)3(6)7/h3H,2H2,1H3;COC(=O)OCC(F)(F)C(F)F;2.786;Green Chem., 2017, 19, 1828?1849(DOI:10.1039/c7gc00252a)
methyl 2,2,3,3,3-pentafluoropropyl carbonate;Methyl 2,2,3,3,3-pentafluoropropyl carbonate;PFPMC;InChI=1S/C5H5F5O3/c1-12-3(11)13-2-4(6,7)5(8,9)10/h2H2,1H3;COC(=O)OCC(F)(F)C(F)(F)F;2.668;Green Chem., 2017, 19, 1828?1849(DOI:10.1039/c7gc00252a)
ethyl propyl carbonate;ethyl-propyl carbonate;EPC;InChI=1S/C6H12O3/c1-3-5-9-6(7)8-4-2/h3-5H2,1-2H3;CCCOC(=O)OCC;1.918;Green Chem., 2017, 19, 1828?1849(DOI:10.1039/c7gc00252a)
ethyl propan-2-yl carbonate;ethyl-isopropyl carbonate;EiPC;InChI=1S/C6H12O3/c1-4-8-6(7)9-5(2)3/h5H,4H2,1-3H3;CCOC(=O)OC(C)C;1.980;Green Chem., 2017, 19, 1828?1849(DOI:10.1039/c7gc00252a)
methyl propan-2-yl carbonate;methyl-isopropyl carbonate;MiPC;InChI=1S/C5H10O3/c1-4(2)8-5(6)7-3/h4H,1-3H3;COC(=O)OC(C)C;2.123;Green Chem., 2017, 19, 1828?1849(DOI:10.1039/c7gc00252a)
1,3-dioxolan-2-one;ethylene carbonate;EC;InChI=1S/C3H4O3/c4-3-5-1-2-6-3/h1-2H2;O=C1OCCO1;2.786;Green Chem., 2017, 19, 1828?1849(DOI:10.1039/c7gc00252a)
4-fluoro-1,3-dioxolan-2-one;Fluoroethylene carbonate;FEC;InChI=1S/C3H3FO3/c4-2-1-6-3(5)7-2/h2H,1H2;O=C1OCC(F)O1;4.107;Green Chem., 2017, 19, 1828?1849(DOI:10.1039/c7gc00252a)
4-methyl-1,3-dioxolan-2-one;propylene carbonate;PC;InChI=1S/C4H6O3/c1-3-2-6-4(5)7-3/h3H,2H2,1H3;CC1COC(=O)O1;3.550;Green Chem., 2017, 19, 1828?1849(DOI:10.1039/c7gc00252a)
4-(fluoromethyl)-1,3-dioxolan-2-one;4-fluoromethyl-ethylene carbonate;FPC;InChI=1S/C4H5FO3/c5-1-3-2-7-4(6)8-3/h3H,1-2H2;O=C1OCC(CF)O1;3.800;Green Chem., 2017, 19, 1828?1849(DOI:10.1039/c7gc00252a)
4-ethyl-1,3-dioxolan-2-one;1,2-Butylene carbonate;BC;InChI=1S/C5H8O3/c1-2-4-3-7-5(6)8-4/h4H,2-3H2,1H3;CCC1COC(=O)O1;3.297;Green Chem., 2017, 19, 1828?1849(DOI:10.1039/c7gc00252a)
4-ethenyl-1,3-dioxolan-2-one;Vinyl ethylene carbonate;VEC;InChI=1S/C5H6O3/c1-2-4-3-7-5(6)8-4/h2,4H,1,3H2;C=CC1COC(=O)O1;4.153;Green Chem., 2017, 19, 1828?1849(DOI:10.1039/c7gc00252a)
1,3-dioxol-2-one;Vinylene Carbonate;VC;InChI=1S/C3H2O3/c4-3-5-1-2-6-3/h1-2H;O=c1occo1;4.035;Green Chem., 2017, 19, 1828?1849(DOI:10.1039/c7gc00252a)
ethyl 2-fluoroacetate;Ethyl fluoroacetate;EFA;InChI=1S/C4H7FO2/c1-2-7-4(6)3-5/h2-3H2,1H3;CCOC(=O)CF;2.393;Green Chem., 2017, 19, 1828?1849(DOI:10.1039/c7gc00252a)
ethyl 2,2-difluoroacetate;Ethyl difluoroacetate;EDFA;InChI=1S/C4H6F2O2/c1-2-8-4(7)3(5)6/h3H,2H2,1H3;CCOC(=O)C(F)F;2.378;Green Chem., 2017, 19, 1828?1849(DOI:10.1039/c7gc00252a)
2-fluoroethyl acetate;2-Fluoroethyl acetate;2FEA;InChI=1S/C4H7FO2/c1-4(6)7-3-2-5/h2-3H2,1H3;CC(=O)OCCF;2.404;Green Chem., 2017, 19, 1828?1849(DOI:10.1039/c7gc00252a)
methyl 2-methoxyacetate;Methyl methoxyacetate;MMOA;InChI=1S/C4H8O3/c1-6-3-4(5)7-2/h3H2,1-2H3;COCC(=O)OC;1.863;Green Chem., 2017, 19, 1828?1849(DOI:10.1039/c7gc00252a)
methyl 2-cyanoacetate;Methyl cyanoacetate;MCA;InChI=1S/C4H5NO2/c1-7-4(6)2-3-5/h2H2,1H3;COC(=O)CC#N;2.658;Green Chem., 2017, 19, 1828?1849(DOI:10.1039/c7gc00252a)
1-methoxypropan-2-yl acetate;1-Methoxy-2-propyl acetate;MPA;InChI=1S/C6H12O3/c1-5(4-8-3)9-6(2)7/h5H,4H2,1-3H3;COCC(C)OC(C)=O;2.610;Green Chem., 2017, 19, 1828?1849(DOI:10.1039/c7gc00252a)
2-fluoroethyl propanoate;2-Fluoroethyl propionate;2FEP;InChI=1S/C5H9FO2/c1-2-5(7)8-4-3-6/h2-4H2,1H3;CCC(=O)OCCF;2.450;Green Chem., 2017, 19, 1828?1849(DOI:10.1039/c7gc00252a)
ethyl 2-fluoropropanoate;Ethyl 2-fluoropropanoate;E2FP;InChI=1S/C5H9FO2/c1-3-8-5(7)4(2)6/h4H,3H2,1-2H3;CCOC(=O)C(C)F;2.760;Green Chem., 2017, 19, 1828?1849(DOI:10.1039/c7gc00252a)
methyl butanoate;Methyl butyrate;MB;InChI=1S/C5H10O2/c1-3-4-5(6)7-2/h3-4H2,1-2H3;CCCC(=O)OC;1.639;Green Chem., 2017, 19, 1828?1849(DOI:10.1039/c7gc00252a)
chloromethyl butanoate;Chloromethyl butyrate;CIMB;InChI=1S/C5H9ClO2/c1-2-3-5(7)8-4-6/h2-4H2,1H3;CCCC(=O)OCCl;2.390;Green Chem., 2017, 19, 1828?1849(DOI:10.1039/c7gc00252a)
ethyl butanoate;Ethyl butyrate;EB;InChI=1S/C6H12O2/c1-3-5-6(7)8-4-2/h3-5H2,1-2H3;CCCC(=O)OCC;1.597;Green Chem., 2017, 19, 1828?1849(DOI:10.1039/c7gc00252a)
oxolan-2-one;gamma-Butyrolactone;GBL;InChI=1S/C4H6O2/c5-4-2-1-3-6-4/h1-3H2;O=C1CCCO1;2.472;Green Chem., 2017, 19, 1828?1849(DOI:10.1039/c7gc00252a)
3-fluorooxolan-2-one;2-Fluorobutyrolactone;FGBL;InChI=1S/C4H5FO2/c5-3-1-2-7-4(3)6/h3H,1-2H2;O=C1OCCC1F;3.718;Green Chem., 2017, 19, 1828?1849(DOI:10.1039/c7gc00252a)
oxan-2-one;Delta-Valerolactone;DVL;InChI=1S/C5H8O2/c6-5-3-1-2-4-7-5/h1-4H2;O=C1CCCCO1;2.285;Green Chem., 2017, 19, 1828?1849(DOI:10.1039/c7gc00252a)
1-ethoxypropane;1-Ethoxypropane;EPE;InChI=1S/C5H12O/c1-3-5-6-4-2/h3-5H2,1-2H3;CCCOCC;1.750;Green Chem., 2017, 19, 1828?1849(DOI:10.1039/c7gc00252a)
dimethoxymethane;Dimethoxymethane;DMM;InChI=1S/C3H8O2/c1-4-3-5-2/h3H2,1-2H3;COCOC;2.450;Green Chem., 2017, 19, 1828?1849(DOI:10.1039/c7gc00252a)
1,2-dimethoxyethane;1,2-Dimethoxy ethane(monoglyme);DME(C2,EGDME);InChI=1S/C4H10O2/c1-5-3-4-6-2/h3-4H2,1-2H3;COCCOC;1.660;Green Chem., 2017, 19, 1828?1849(DOI:10.1039/c7gc00252a)
1-ethoxy-2-methoxyethane;1-Ethoxy-2-methoxyethane;EME;InChI=1S/C5H12O2/c1-3-7-5-4-6-2/h3-5H2,1-2H3;CCOCCOC;1.774;Green Chem., 2017, 19, 1828?1849(DOI:10.1039/c7gc00252a)
1-(2-fluoroethoxy)-2-methoxyethane;1-(2-Fluoroethoxy)-2-methoxyethane;FEME;InChI=1S/C5H11FO2/c1-7-4-5-8-3-2-6/h2-5H2,1H3;COCCOCCF;2.368;Green Chem., 2017, 19, 1828?1849(DOI:10.1039/c7gc00252a)
1,1-difluoro-2-(2-methoxyethoxy)ethane;1,1-Difluoro-2-(2-methoxyethoxy)ethane;DFEME;InChI=1S/C5H10F2O2/c1-8-2-3-9-4-5(6)7/h5H,2-4H2,1H3;COCCOCC(F)F;2.474;Green Chem., 2017, 19, 1828?1849(DOI:10.1039/c7gc00252a)
1,1,1-trifluoro-2-(2-methoxyethoxy)ethane;1-(2,2,2-Trifluoroethoxy)-2-methoxyethane;TFEME;InChI=1S/C5H9F3O2/c1-9-2-3-10-4-5(6,7)8/h2-4H2,1H3;COCCOCC(F)(F)F;2.175;Green Chem., 2017, 19, 1828?1849(DOI:10.1039/c7gc00252a)
1,2-diethoxyethane;1,2-Diethoxyethane;DEE(EGDEE);InChI=1S/C6H14O2/c1-3-7-5-6-8-4-2/h3-6H2,1-2H3;CCOCCOCC;1.863;Green Chem., 2017, 19, 1828?1849(DOI:10.1039/c7gc00252a)
1-ethoxy-2-(2-fluoroethoxy)ethane;1-(2-Fluoroethoxy)-2-ethoxyethane;EFEE(F1DEE);InChI=1S/C6H13FO2/c1-2-8-5-6-9-4-3-7/h2-6H2,1H3;CCOCCOCCF;2.381;Green Chem., 2017, 19, 1828?1849(DOI:10.1039/c7gc00252a)
2-(2-ethoxyethoxy)-1,1-difluoroethane;1-(2,2-Difluoroethoxy)-2-ethoxyethane;EDFEE(F2DEE);InChI=1S/C6H12F2O2/c1-2-9-3-4-10-5-6(7)8/h6H,2-5H2,1H3;CCOCCOCC(F)F;2.479;Green Chem., 2017, 19, 1828?1849(DOI:10.1039/c7gc00252a)
2-(2-ethoxyethoxy)-1,1,1-trifluoroethane;1-Ethoxy-2-(2,2,2-trifluoroethoxy)ethane;ETFEE(F3DEE);InChI=1S/C6H11F3O2/c1-2-10-3-4-11-5-6(7,8)9/h2-5H2,1H3;CCOCCOCC(F)(F)F;2.215;Green Chem., 2017, 19, 1828?1849(DOI:10.1039/c7gc00252a)
2-methyloxolane;2-Methyl tetrahydrofurane;2-Me-THF(M-THF);InChI=1S/C5H10O/c1-5-3-2-4-6-5/h5H,2-4H2,1H3;CC1CCCO1;2.710;Green Chem., 2017, 19, 1828?1849(DOI:10.1039/c7gc00252a)
1,3-dioxolane;1,3-dioxolane;DOL(1,3-DL);InChI=1S/C3H6O2/c1-2-5-3-4-1/h1-3H2;C1COCO1;2.909;Green Chem., 2017, 19, 1828?1849(DOI:10.1039/c7gc00252a)
4-methyl-1,3-dioxolane;4-Methyl-1,3-dioxolane;4Me-DOL;InChI=1S/C4H8O2/c1-4-2-5-3-6-4/h4H,2-3H2,1H3;CC1COCO1;3.860;Green Chem., 2017, 19, 1828?1849(DOI:10.1039/c7gc00252a)
2-methyl-1,3-dioxolane;2-Methyl-1,3-dioxolane;2Me-DOL;InChI=1S/C4H8O2/c1-4-5-2-3-6-4/h4H,2-3H2,1H3;CC1OCCO1;3.097;Green Chem., 2017, 19, 1828?1849(DOI:10.1039/c7gc00252a)
dimethyl sulfite;dimethyl sulfite;DMS;InChI=1S/C2H6O3S/c1-4-6(3)5-2/h1-2H3;COS(=O)OC;3.739;Green Chem., 2017, 19, 1828?1849(DOI:10.1039/c7gc00252a)
diethyl sulfite;diethyl sulfite;DES;InChI=1S/C4H10O3S/c1-3-6-8(5)7-4-2/h3-4H2,1-2H3;CCOS(=O)OCC;3.692;Green Chem., 2017, 19, 1828?1849(DOI:10.1039/c7gc00252a)
1,3,2-dioxathiolane 2-oxide;Ethylene sulfite;ES;InChI=1S/C2H4O3S/c3-6-4-1-2-5-6/h1-2H2;O=S1OCCO1;4.885;Green Chem., 2017, 19, 1828?1849(DOI:10.1039/c7gc00252a)
4-methyl-1,3,2-dioxathiolane 2-oxide;Propylene sulfite;PS;InChI=1S/C3H6O3S/c1-3-2-5-7(4)6-3/h3H,2H2,1H3;CC1COS(=O)O1;4.977;Green Chem., 2017, 19, 1828?1849(DOI:10.1039/c7gc00252a)
1-fluoro-2-methylsulfonylbenzene;1-Fluoro-2-(methylsulfonyl)benzene;FS;InChI=1S/C7H7FO2S/c1-11(9,10)7-5-3-2-4-6(7)8/h2-5H,1H3;CS(=O)(=O)c1ccccc1F;1.626;Green Chem., 2017, 19, 1828?1849(DOI:10.1039/c7gc00252a)
1-methylsulfonylethane;Ethyl methyl sulfone;EMS;InChI=1S/C3H8O2S/c1-3-6(2,4)5/h3H2,1-2H3;CCS(C)(=O)=O;2.121;Green Chem., 2017, 19, 1828?1849(DOI:10.1039/c7gc00252a)
2-methylsulfonylpropane;Isopropyl Methyl Sulfone;MiPS(IPMS);InChI=1S/C4H10O2S/c1-4(2)7(3,5)6/h4H,1-3H3;CC(C)S(C)(=O)=O;2.155;Green Chem., 2017, 19, 1828?1849(DOI:10.1039/c7gc00252a)
methanesulfonyl fluoride;Methanesulfonyl fluoride;FMS;InChI=1S/CH3FO2S/c1-5(2,3)4/h1H3;CS(=O)(=O)F;2.348;Green Chem., 2017, 19, 1828?1849(DOI:10.1039/c7gc00252a)
1,1,1-trifluoro-3-methylsulfonylpropane;1,1,1-Trifluoro-3-(methylsulfonyl)propane;FPMS;InChI=1S/C4H7F3O2S/c1-10(8,9)3-2-4(5,6)7/h2-3H2,1H3;CS(=O)(=O)CCC(F)(F)F;2.440;Green Chem., 2017, 19, 1828?1849(DOI:10.1039/c7gc00252a)
1-methoxy-2-methylsulfonylethane;Methyl(2-methoxyethyl) sulfone;MEMS;InChI=1S/C4H10O3S/c1-7-3-4-8(2,5)6/h3-4H2,1-2H3;COCCS(C)(=O)=O;2.101;Green Chem., 2017, 19, 1828?1849(DOI:10.1039/c7gc00252a)
1-ethylsulfonyl-2-methoxyethane;ethyl methoxy ethyl sulfone;EMES;InChI=1S/C5H12O3S/c1-3-9(6,7)5-4-8-2/h3-5H2,1-2H3;CCS(=O)(=O)CCOC;2.234;Green Chem., 2017, 19, 1828?1849(DOI:10.1039/c7gc00252a)
1-(2-ethylsulfonylethoxy)-2-methoxyethane;1-(2-ethylsulfonylethoxy)-2-methoxyethane;EMEES;InChI=1S/C7H16O4S/c1-3-12(8,9)7-6-11-5-4-10-2/h3-7H2,1-2H3;CCS(=O)(=O)CCOCCOC;2.279;Green Chem., 2017, 19, 1828?1849(DOI:10.1039/c7gc00252a)
2-ethylsulfonylpropane;Ethyl isopropyl sulfone;EiPS;InChI=1S/C5H12O2S/c1-4-8(6,7)5(2)3/h5H,4H2,1-3H3;CCS(=O)(=O)C(C)C;2.490;Green Chem., 2017, 19, 1828?1849(DOI:10.1039/c7gc00252a)
1-ethylsulfonyl-2-methylpropane;Ethyl isobutyl sulfone;EiBS;InChI=1S/C6H14O2S/c1-4-9(7,8)5-6(2)3/h6H,4-5H2,1-3H3;CCS(=O)(=O)CC(C)C;2.341;Green Chem., 2017, 19, 1828?1849(DOI:10.1039/c7gc00252a)
2-ethylsulfonylbutane;2-(Ethylsulfonyl)butane;EsBS;InChI=1S/C6H14O2S/c1-4-6(3)9(7,8)5-2/h6H,4-5H2,1-3H3;CCC(C)S(=O)(=O)CC;3.019;Green Chem., 2017, 19, 1828?1849(DOI:10.1039/c7gc00252a)
1-ethenylsulfonylethane;Ethyl vinyl sulfone;EVS;InChI=1S/C4H8O2S/c1-3-7(5,6)4-2/h3H,1,4H2,2H3;C=CS(=O)(=O)CC;3.120;Green Chem., 2017, 19, 1828?1849(DOI:10.1039/c7gc00252a)
ethylsulfonylcyclopentane;ethyl sulfonyl cyclopentane;ESCP;InChI=1S/C7H14O2S/c1-2-10(8,9)7-5-3-4-6-7/h7H,2-6H2,1H3;CCS(=O)(=O)C1CCCC1;2.396;Green Chem., 2017, 19, 1828?1849(DOI:10.1039/c7gc00252a)
1-propylsulfonylpropane;Dipropyl sulfone;DPS;InChI=1S/C6H14O2S/c1-3-5-9(7,8)6-4-2/h3-6H2,1-2H3;CCCS(=O)(=O)CCC;2.264;Green Chem., 2017, 19, 1828?1849(DOI:10.1039/c7gc00252a)
2-methylthietane 1,1-dioxide;2-Methylthietane 1,1-dioxide;MTS;InChI=1S/C4H8O2S/c1-4-2-3-7(4,5)6/h4H,2-3H2,1H3;CC1CCS1(=O)=O;3.653;Green Chem., 2017, 19, 1828?1849(DOI:10.1039/c7gc00252a)
3-methylthiolane 1,1-dioxide;3-Methylsulfolane;3MeSL(MSL);InChI=1S/C5H10O2S/c1-5-2-3-8(6,7)4-5/h5H,2-4H2,1H3;CC1CCS(=O)(=O)C1;3.379;Green Chem., 2017, 19, 1828?1849(DOI:10.1039/c7gc00252a)
N,N-dimethylcarbamoyl fluoride;Dimethylcarbamylfluoride;;InChI=1S/C3H6FNO/c1-5(2)3(4)6/h1-2H3;CN(C)C(=O)F;2.512;Xu, Yun,Amide-based inexpensive, non-flammable electrolyte for secondary battery,US20240372141 A1(patent)
N-Fluoromethyl-N-methylformamide;N-Fluoromethyl-N-methylformamide;;InChI=1S/C3H6FNO/c1-5(2-4)3-6/h3H,2H2,1H3;CN(C=O)CF;3.967;Noriyuki Tamura,Nonaqueous electrolyte solution for secondary battery and nonaqueous electrolyte secondary battery,US20060035155A1(patent). Adv. Funct. Mater. 2023, 33, 2212342, (DOI:Adv. Funct. Mater. 2023, 33, 2212342)
2-fluoro-N,N-dimethylacetamide;2-Fluoro-N,N-dimethylacetamide;;InChI=1S/C4H8FNO/c1-6(2)4(7)3-5/h3H2,1-2H3;CN(C)C(=O)CF;2.696;Kuwashima, Yoshiko,JP2019175774 A(Patent)
N,N-diethylacetamide;N,N-diethylacetamide;DEA;InChI=1S/C6H13NO/c1-4-7(5-2)6(3)8/h4-5H2,1-3H3;CCN(CC)C(C)=O;2.100;Energy Technol. 2025, 2500556(DOI:10.1002/ente.202500556)
N,N-dimethylpropanamide;N,N-dimethylpropionamide;DMPA;InChI=1S/C5H11NO/c1-4-5(7)6(2)3/h4H2,1-3H3;CCC(=O)N(C)C;2.067;Chemical Physics Letters 870 (2025) 142088(DOI:10.1016/j.cplett.2025.142088)
N,N-dimethylbenzamide;N,N-Dimethylbenzamide;;InChI=1S/C9H11NO/c1-10(2)9(11)8-6-4-3-5-7-8/h3-7H,1-2H3;CN(C)C(=O)c1ccccc1;1.299;Koh, Meiten,WO2010110290 A1(patent)
N,N-dimethylbutanamide;N,N-Dimethylbutyramide;;InChI=1S/C6H13NO/c1-4-5-6(8)7(2)3/h4-5H2,1-3H3;CCCC(=O)N(C)C;1.853;Zheng, Jianming,CN114122440 A(patent)
2,2,2-trifluoro-N,N-dimethylacetamide;N,N-dimethyltrifluoroacetamide;FDMA(DMTFA);InChI=1S/C4H6F3NO/c1-8(2)3(9)4(5,6)7/h1-2H3;CN(C)C(=O)C(F)(F)F;2.509;Adv. Funct. Mater. 2025, e19001(DOI:10.1002/adfm.202519001)
propanenitrile;Propanenitrile(Propionitrile);PN;InChI=1S/C3H5N/c1-2-3-4/h2H2,1H3;CCC#N;2.701;Journal of The Electrochemical Society, 165 (10) A2365-A2373 (2018) (DOI:10.1149/2.1351810jes)
butanenitrile;Butanenitrile(n-Butyronitrile);nBN;InChI=1S/C4H7N/c1-2-3-4-5/h2-3H2,1H3;CCCC#N;2.743;Journal of The Electrochemical Society, 165 (10) A2365-A2373 (2018) (DOI:10.1149/2.1351810jes)
pentanenitrile;valeronitrile;VN;InChI=1S/C5H9N/c1-2-3-4-5-6/h2-4H2,1H3;CCCCC#N;2.154;Chem. Sci., 2024,15, 13768-13778(DOI:10.1039/D4SC03890H)
2-phenylacetonitrile;Benzyl nitrile;Benzylcyanide;InChI=1S/C8H7N/c9-7-6-8-4-2-1-3-5-8/h1-5H,6H2;N#CCc1ccccc1;1.577;Shatunov, Pavel Alexandrovich,EP2796926 A2(patent)
ethyl 2-cyanoacetate;Ethyl cyanoacetate;ECA;InChI=1S/C5H7NO2/c1-2-8-5(7)3-4-6/h2-3H2,1H3;CCOC(=O)CC#N;2.377;Cheng, Yongde,CN111517986 A(patent)
2-fluoroacetonitrile;Fluoroacetonitrile;FAN;InChI=1S/C2H2FN/c3-1-2-4/h1H2;N#CCF;3.545;Adv. Funct. Mater. 2025, e16729(DOI:10.1002/adfm.202516729)
propanedinitrile;Malononitrile;MAN;InChI=1S/C3H2N2/c4-2-1-3-5/h1H2;N#CCC#N;3.927;Chem. Rev. 2014, 114, 11503?11618(DOI: 10.1021/cr500003w)
2-methoxyacetonitrile;Methoxyacetonitrile;MON;InChI=1S/C3H5NO/c1-5-3-2-4/h3H2,1H3;COCC#N;2.970;Journal of The Electrochemical Society, 164 (2) A54-A60 (2017) (DOI:10.1149/2.0211702jes)
3-methoxypropanenitrile;3-Methoxypropionitrile;MPN;InChI=1S/C4H7NO/c1-6-4-2-3-5/h2,4H2,1H3;COCCC#N;2.451;Journal of The Electrochemical Society, 164 (2) A54-A60 (2017) (DOI:10.1149/2.0211702jes)
pentanedinitrile;Glutaronitrile;GN(GLN);InChI=1S/C5H6N2/c6-4-2-1-3-5-7/h1-3H2;N#CCCCC#N;2.756;Journal of The Electrochemical Society, 164 (2) A54-A60 (2017) (DOI:10.1149/2.0211702jes)
hexanedinitrile;Adiponitrile;APN(ADN);InChI=1S/C6H8N2/c7-5-3-1-2-4-6-8/h1-4H2;N#CCCCCC#N;2.597;Journal of The Electrochemical Society, 164 (2) A54-A60 (2017)  (DOI:10.1149/2.0211702jes)
heptanedinitrile;Pimelonitrile;PMN;InChI=1S/C7H10N2/c8-6-4-2-1-3-5-7-9/h1-5H2;N#CCCCCCC#N;2.482;Chem. Rev. 2014, 114, 11503?11618(DOI: 10.1021/cr500003w)
octanedinitrile;Suberonitrile;SUN;InChI=1S/C8H12N2/c9-7-5-3-1-2-4-6-8-10/h1-6H2;N#CCCCCCCC#N;2.396;Chem. Rev. 2014, 114, 11503?11618(DOI: 10.1021/cr500003w)
nonanedinitrile;Azelanitrile;AZN;InChI=1S/C9H14N2/c10-8-6-4-2-1-3-5-7-9-11/h1-7H2;N#CCCCCCCCC#N;2.332;Chem. Rev. 2014, 114, 11503?11618(DOI: 10.1021/cr500003w)
decanedinitrile;Sebaconitrile;SEN;InChI=1S/C10H16N2/c11-9-7-5-3-1-2-4-6-8-10-12/h1-8H2;N#CCCCCCCCCC#N;2.224;Chem. Rev. 2014, 114, 11503?11618(DOI: 10.1021/cr500003w)
2-chloroacetonitrile;Chloroacetonitrile;ClAN;InChI=1S/C2H2ClN/c3-1-2-4/h1H2;N#CCCl;3.300;Angew. Chem. Int. Ed. 2025, e202513747(DOI:0.1002/anie.202513747)
3,3,3-trifluoropropanenitrile;3,3,3-Trifluoropropanenitrile;;InChI=1S/C3H2F3N/c4-3(5,6)1-2-7/h1H2;N#CCC(F)(F)F;3.282;Motegi, Akira,JP2010238385 A(patent)
2-methylpentanedinitrile;2-Methylglutaronitrile;MeGLN;InChI=1S/C6H8N2/c1-6(5-8)3-2-4-7/h6H,2-3H2,1H3;CC(C#N)CCC#N;3.532;J. Electrochem. Soc. 2015,162 A3084 (DOI:10.1149/2.0121502jes)
2,2-dimethylpropanenitrile;Trimethylacetonitrile;TMA;InChI=1S/C5H9N/c1-5(2,3)4-6/h1-3H3;CC(C)(C)C#N;2.532;Journal of The Electrochemical Society, 160 (1) A160-A171 (2013)(DOI:10.1149/2.027302jes)
2,2-dimethylbutanenitrile;2,2-Dimethylbutanenitrile;;InChI=1S/C6H11N/c1-4-6(2,3)5-7/h4H2,1-3H3;CCC(C)(C)C#N;3.019;Shen, Dawei,CN107417569 A?patent)
anisole;Methoxybenzene;PhM(MB2);InChI=1S/C7H8O/c1-8-7-5-3-2-4-6-7/h2-6H,1H3;COc1ccccc1;1.000;Electrochemical and Solid-State Letters, 14 (8) A113-A115 (2011)(DOI:10.1149/1.3596719)
1-methoxy-2-(2-methoxyethoxy)ethane;Diglyme;DGM(G2,DIG,DGEME,DEGDME);InChI=1S/C6H14O3/c1-7-3-5-9-6-4-8-2/h3-6H2,1-2H3;COCCOCCOC;1.863;Electrochemistry 76.1 (2008): 2-15(DOI:10.5796/electrochemistry.76.2)
methyl 3-cyanopropanoate;Methyl 3-cyanopropionate;MCP;InChI=1S/C5H7NO2/c1-8-5(7)3-2-4-6/h2-3H2,1H3;COC(=O)CCC#N;2.304;ChemSusChem 2016, 9, 1704 ? 1711(DOI:10.1002/cssc.201600369)
methyl 2-cyano-2-methylpropanoate;Methyl 2-cyano-2-methylpropanoate;MCMP;InChI=1S/C6H9NO2/c1-6(2,4-7)5(8)9-3/h1-3H3;COC(=O)C(C)(C)C#N;2.773;ChemSusChem 2016, 9, 1704 ? 1711(DOI:10.1002/cssc.201600369)
ethyl 2-cyano-2-methylpropanoate;Ethyl 2-cyano-2-methylpropanoate;ECMP;InChI=1S/C7H11NO2/c1-4-10-6(9)7(2,3)5-8/h4H2,1-3H3;CCOC(=O)C(C)(C)C#N;2.565;ChemSusChem 2016, 9, 1704 ? 1711(DOI:10.1002/cssc.201600369)
methoxycyclopentane;Cyclopentyl methyl ether;CPME;InChI=1S/C6H12O/c1-7-6-4-2-3-5-6/h6H,2-5H2,1H3;COC1CCCC1;1.863;Angew. Chem. Int. Ed. 2023, 62, e202300771(DOI:10.1002/ange.202300771)
oxane;Tetrahydropyran;THP;InChI=1S/C5H10O/c1-2-4-6-5-3-1/h1-5H2;C1CCOCC1;1.917;Chem. Sci., 2024, 15, 4238(DOI:10.1039/d3sc06650a)
1-methoxy-2-[2-(2-methoxyethoxy)ethoxy]ethane;Triglyme;G3;InChI=1S/C8H18O4/c1-9-3-5-11-7-8-12-6-4-10-2/h3-8H2,1-2H3;COCCOCCOCCOC;1.939;Electrochemistry 76.1 (2008): 2-15(DOI:10.5796/electrochemistry.76.2)
methyl 2-fluorosulfonylacetate;methyl 2-fluorosulfonylacetate;;InChI=1S/C3H5FO4S/c1-8-3(5)2-9(4,6)7/h2H2,1H3;COC(=O)CS(=O)(=O)F;2.806;Kim, Bang Han,WO2025154963A1(patent)
1-nitroethane;Nitroethane;NE;InChI=1S/C2H5NO2/c1-2-3(4)5/h2H2,1H3;CC[N+](=O)[O-];2.777;Journal of The Electrochemical Society, 164 (2) A54-A60 (2017) (DOI:10.1149/2.0211702jes)
propyl acetate;n-Propyl acetate;nPA;InChI=1S/C5H10O2/c1-3-4-7-5(2)6/h3-4H2,1-2H3;CCCOC(C)=O;1.729;Journal of The Electrochemical Society, 165 (10) A2365-A2373 (2018) (DOI:10.1149/2.1351810jes)
2-methylpropyl acetate;i-Butyl acetate;iBA;InChI=1S/C6H12O2/c1-5(2)4-8-6(3)7/h5H,4H2,1-3H3;CC(=O)OCC(C)C;1.818;Journal of The Electrochemical Society, 165 (10) A2365-A2373 (2018) (DOI:10.1149/2.1351810jes)
methyl propanoate;Methyl propionate;MP;InChI=1S/C4H8O2/c1-3-4(5)6-2/h3H2,1-2H3;CCC(=O)OC;1.945;Journal of The Electrochemical Society, 165 (10) A2365-A2373 (2018) (DOI:10.1149/2.1351810jes)
methyl formate;Methyl formate;MF;InChI=1S/C2H4O2/c1-4-2-3/h2H,1H3;COC=O;2.949;Journal of The Electrochemical Society, 165 (10) A2365-A2373 (2018) (DOI:10.1149/2.1351810jes)
ethyl formate;Ethyl formate;EF;InChI=1S/C3H6O2/c1-2-5-3-4/h3H,2H2,1H3;CCOC=O;3.043;Journal of The Electrochemical Society, 165 (10) A2365-A2373 (2018) (DOI:10.1149/2.1351810jes)
propyl formate;n-Propyl formate;nPF;InChI=1S/C4H8O2/c1-2-3-6-4-5/h4H,2-3H2,1H3;CCCOC=O;2.706;Journal of The Electrochemical Society, 165 (10) A2365-A2373 (2018) (DOI:10.1149/2.1351810jes)
propan-2-yl formate;i-Propyl formate;iPF;InChI=1S/C4H8O2/c1-4(2)6-3-5/h3-4H,1-2H3;CC(C)OC=O;3.086;Journal of The Electrochemical Society, 165 (10) A2365-A2373 (2018) (DOI:10.1149/2.1351810jes)
butyl formate;n-Butyl formate;nBF;InChI=1S/C5H10O2/c1-2-3-4-7-5-6/h5H,2-4H2,1H3;CCCCOC=O;2.433;Journal of The Electrochemical Society, 165 (10) A2365-A2373 (2018) (DOI:10.1149/2.1351810jes)
2-methylpropyl formate;i-Butyl formate;iBF;InChI=1S/C5H10O2/c1-5(2)3-7-4-6/h4-5H,3H2,1-2H3;CC(C)COC=O;2.784;Journal of The Electrochemical Society, 165 (10) A2365-A2373 (2018) (DOI:10.1149/2.1351810jes)
methyl 3-fluoropropanoate;Methyl 3-fluoropropanoate;;InChI=1S/C4H7FO2/c1-7-4(6)2-3-5/h2-3H2,1H3;COC(=O)CCF;2.503;Zheng, Yezhen,Secondary battery and electronic device, CN117913217A(patent)
fluoromethyl propanoate;Fluoromethyl propanoate;;InChI=1S/C4H7FO2/c1-2-4(6)7-3-5/h2-3H2,1H3;CCC(=O)OCF;2.788;Zhang, Shan,Electrolyte, electrochemical device using same, and electronic device,CN117080566A(patent)
methyl 3,3-difluoropropanoate;Methyl 3,3-difluoropropanoate;;InChI=1S/C4H6F2O2/c1-8-4(7)2-3(5)6/h3H,2H2,1H3;COC(=O)CC(F)F;2.655;Yi, Liling,CN115954542A(patent)
methyl 3,3,3-trifluoropropanoate;Methyl 3,3,3-trifluoropropionate;M3FP(TFPM,3FMP);InChI=1S/C4H5F3O2/c1-9-3(8)2-4(5,6)7/h2H2,1H3;COC(=O)CC(F)(F)F;2.288;Journal of The Electrochemical Society,2020,167,040508(DOI:10.1149/1945-7111/ab7181)
ethyl 3,3,3-trifluoropropanoate;Ethyl 3,3,3-trifluoropropanoate;TFPE(tFEP);InChI=1S/C5H7F3O2/c1-2-10-4(9)3-5(6,7)8/h2-3H2,1H3;CCOC(=O)CC(F)(F)F;2.186;Chem. Sci., 2024, 15, 4238(DOI:10.1039/d3sc06650a)
1,1,1-trifluoro-2-(2,2,2-trifluoroethoxy)ethane;Bis(2,2,2-trifluoroethyl) ether;BTFE;InChI=1S/C4H4F6O/c5-3(6,7)1-11-2-4(8,9)10/h1-2H2;FC(F)(F)COCC(F)(F)F;2.479;J. Am. Chem. Soc. 2025, 147, 11, 9365?9377(DOI:10.1021/jacs.4c15759)
1,1,2,2-tetrafluoro-1-(2,2,2-trifluoroethoxy)ethane;1,1,2,2-Tetrafluoroethyl-2,2,2-trifluoroethyl ether;HFE(D2);InChI=1S/C4H3F7O/c5-2(6)4(10,11)12-1-3(7,8)9/h2H,1H2;FC(F)C(F)(F)OCC(F)(F)F;3.035;Chem. Sci., 2024, 15, 4238(DOI:10.1039/d3sc06650a)
1,1,2,2-tetrafluoro-3-(1,1,2,2-tetrafluoroethoxy)propane;1,1,2,2-Tetrafluoro-3-(1,1,2,2-tetrafluoroethoxy)propane;TTE(FEPE);InChI=1S/C5H4F8O/c6-2(7)4(10,11)1-14-5(12,13)3(8)9/h2-3H,1H2;FC(F)C(F)(F)COC(F)(F)C(F)F;3.303;Chem. Rev. 2014, 114, 11503?11618(DOI: 10.1021/cr500003w)
1-ethoxy-1,1,2,2-tetrafluoroethane;Ethyl 1,1,2,2-tetrafluoroethyl ether;ETE(ETFE);InChI=1S/C4H6F4O/c1-2-9-4(7,8)3(5)6/h3H,2H2,1H3;CCOC(F)(F)C(F)F;2.974;Electrochimica Acta 161 (2015) 55?62(DOI:10.1016/j.electacta.2015.02.031)
fluoro(dimethoxy)methane;Fluoro(dimethoxy)methane;;InChI=1S/C3H7FO2/c1-5-3(4)6-2/h3H,1-2H3;COC(F)OC;3.639;Li, Zhao,Overcharge safety type non-aqueous electrolyte for lithium ion battery,CN102931435A(patent)
fluoromethoxy(methoxy)methane;Fluoromethoxy(methoxy)methane;;InChI=1S/C3H7FO2/c1-5-3-6-2-4/h2-3H2,1H3;COCOCF;3.204;Li, Quanyin, CN120423939 A(Patent)
ethoxybenzene;;PhE;InChI=1S/C8H10O/c1-2-9-8-6-4-3-5-7-8/h3-7H,2H2,1H3;CCOc1ccccc1;1.042;J. Phys. Chem. Lett. 2024, 15, 8378?8386(DOI:10.1021/acs.jpclett.4c01613)
butoxybenzene;Butyl phenyl ether;PhB;InChI=1S/C10H14O/c1-2-3-9-11-10-7-5-4-6-8-10/h4-8H,2-3,9H2,1H3;CCCCOc1ccccc1;1.190;J. Phys. Chem. Lett. 2024, 15, 8378?8386(DOI:10.1021/acs.jpclett.4c01613)
2-methyl-1,4-dioxane;2-Methyl-1,4-dioxane;;InChI=1S/C5H10O2/c1-5-4-6-2-3-7-5/h5H,2-4H2,1H3;CC1COCCO1;3.281;Chen, Lin, WO2025138400A1 (patent)
5-fluoro-1,3-dioxane;5-Fluoro-1,3-Dioxane;;InChI=1S/C4H7FO2/c5-4-1-6-3-7-2-4/h4H,1-3H2;FC1COCOC1;3.719;Li, Lifei, CN102479977 A (patent)
5,5-difluoro-1,3-dioxane;5,5-Difluoro-1,3-Dioxane;;InChI=1S/C4H6F2O2/c5-4(6)1-7-3-8-2-4/h1-3H2;FC1(F)COCOC1;3.826;Yu, Zhiao, WO2024226580 A2 (patent)
4,4-difluoro-1,3-dioxane;4,4-Difluoro-1,3-Dioxane;;InChI=1S/C4H6F2O2/c5-4(6)1-2-7-3-8-4/h1-3H2;FC1(F)CCOCO1;3.767;Yu, Zhiao, WO2024226580 A2 (patent)
ethyl propanoate;Ethyl propionate;;InChI=1S/C5H10O2/c1-3-5(6)7-4-2/h3-4H2,1-2H3;CCOC(=O)CC;1.704;Chem. Rev. 2014, 114, 11503?11618(DOI: 10.1021/cr500003w)
2-methoxyethyl acetate;2-Methoxyethyl acetate;AME;InChI=1S/C5H10O3/c1-5(6)8-4-3-7-2/h3-4H2,1-2H3;COCCOC(C)=O;1.799;Chemistry Letters Vol.34, No.7 (2005)(DOI:10.1246/cl.2005.1052)
3-methylbutyl acetate;Isoamyl acetate;;InChI=1S/C7H14O2/c1-6(2)4-5-9-7(3)8/h6H,4-5H2,1-3H3;CC(=O)OCCC(C)C;1.851;Yu, Zhili, Electrolyte and lithium ion battery,CN116417675A (patent)
ethenyl acetate;Vinyl acetate;;InChI=1S/C4H6O2/c1-3-6-4(2)5/h3H,1H2,2H3;C=COC(C)=O;2.967;Electrochimica Acta 49 (2004) 4613?4622(DOI:10.1016/j.electacta.2004.05.016)
methyl 2-methylpropanoate;Methyl isobutyrate;MIB;InChI=1S/C5H10O2/c1-4(2)5(6)7-3/h4H,1-3H3;COC(=O)C(C)C;2.019;Journal of Power Sources 179 (2008) 770?779(DOI:10.1016/j.jpowsour.2008.01.006)
methyl benzenesulfonate;Methyl benzenesulfonate;;InChI=1S/C7H8O3S/c1-10-11(8,9)7-5-3-2-4-6-7/h2-6H,1H3;COS(=O)(=O)c1ccccc1;1.759;Iijima, Takayuki,Non-aqueous electrolyte and lithium-ion secondary battery,JP2020072023A(patent)
2-oxo-1,3-dioxolane-4-carbonitrile;2-Oxo-1,3-dioxolane-4-carbonitrile;;InChI=1S/C4H3NO3/c5-1-3-2-7-4(6)8-3/h3H,2H2;N#CC1COC(=O)O1;4.248;Park, Na-Rae,Electrolyte for lithium secondary battery and lithium secondary battery comprising the same,US20090155697 A1(patent)
4-(trifluoromethyl)-1,3-dioxolan-2-one;4-Trifluoromethyl-1,3-dioxolan-2-one;TFPC;InChI=1S/C4H3F3O3/c5-4(6,7)2-1-9-3(8)10-2/h2H,1H2;O=C1OCC(C(F)(F)F)O1;3.796;Chem. Soc. Rev.,2023,52,2713 (DOI:10.1039/d2cs00873d)
4-chloro-1,3-dioxolan-2-one;4-Chloro-1,3-dioxolan-2-one;;InChI=1S/C3H3ClO3/c4-2-1-6-3(5)7-2/h2H,1H2;O=C1OCC(Cl)O1;4.091;J. Electrochem. Soc. 1995, 142 L161 (DOI:10.1149/1.2048734)
chloromethyl methyl carbonate;Chloromethyl methyl carbonate;;InChI=1S/C3H5ClO3/c1-6-3(5)7-2-4/h2H2,1H3;COC(=O)OCCl;2.739;Katayama, Hideaki,Nonaqueous electrolyte secondary battery with fire safety,JPH11195429A(patent)
methyl 3-methylsulfonylpropyl carbonate;Methyl (3-(methylsulfonyl)propyl) carbonate;MSPMC;InChI=1S/C6H12O5S/c1-10-6(7)11-4-3-5-12(2,8)9/h3-5H2,1-2H3;COC(=O)OCCCS(C)(=O)=O;2.276;Garbe, James E.,High-boiling electrolyte solvents consisting of alkyl ,US20020084445 A1(patent)
ethyl 3-methylsulfonylpropyl carbonate;Ethyl (3-(methylsulfonyl)propyl) carbonate;MSPEC;InChI=1S/C7H14O5S/c1-3-11-7(8)12-5-4-6-13(2,9)10/h3-6H2,1-2H3;CCOC(=O)OCCCS(C)(=O)=O;2.196;ChemElectroChem 2018, 5, 2279 ? 2287(DOI:10.1002/celc.201701343)
2-{[(3-methanesulfonylpropoxy)carbonyl]oxy}propane;2-{[(3-methanesulfonylpropoxy)carbonyl]oxy}propane;MSPiPC;InChI=1S/C8H16O5S/c1-7(2)13-8(9)12-5-4-6-14(3,10)11/h7H,4-6H2,1-3H3;CC(C)OC(=O)OCCCS(C)(=O)=O;2.299;ChemElectroChem 2018, 5, 2279 ? 2287(DOI:10.1002/celc.201701343)
bis(2,2,2-trifluoroethyl) carbonate;Bis(2,2,2-trifluoroethyl) carbonate;BTFC(HFDEC,BTFEC,BTC,DTFEC);InChI=1S/C5H4F6O3/c6-4(7,8)1-13-3(12)14-2-5(9,10)11/h1-2H2;O=C(OCC(F)(F)F)OCC(F)(F)F;2.561;Chem. Rev. 2014, 114, 11503?11618(DOI: 10.1021/cr500003w)
4,5-dimethyl-1,3-dioxolan-2-one;2,3-Butylene carbonate;2,3-BC;InChI=1S/C5H8O3/c1-3-4(2)8-5(6)7-3/h3-4H,1-2H3;CC1OC(=O)OC1C;3.867;Chem. Rev. 2014, 114, 11503?11618(DOI: 10.1021/cr500003w)
methyl prop-2-enyl carbonate;Isobutylene carbonate;i-BC-2;InChI=1S/C5H8O3/c1-3-4-8-5(6)7-2/h3H,1,4H2,2H3;C=CCOC(=O)OC;2.434;Electrochimica Acta 49 (2004) 4613?4622(DOI:10.1016/j.electacta.2004.05.016)
4,5-difluoro-1,3-dioxolan-2-one;Difluoroethylene carbonate;DFEC(F2EC);InChI=1S/C3H2F2O3/c4-1-2(5)8-3(6)7-1/h1-2H;O=C1OC(F)C(F)O1;4.624;Chem. Soc. Rev.,2023,52,2713 (DOI:10.1039/d2cs00873d)
bis(trifluoromethyl) carbonate;Carbonic acid bis(trifluoromethyl) ester;TFDMC;InChI=1S/C3F6O3/c4-2(5,6)11-1(10)12-3(7,8)9;O=C(OC(F)(F)F)OC(F)(F)F;2.934;Cui, Hui,Electrolyte and electrochemical device using same, and electronic device,CN117175013A(patent)
bis(fluoromethyl) carbonate;Carbonic acid bis(fluoromethyl) ester;DFDMC;InChI=1S/C3H4F2O3/c4-1-7-3(6)8-2-5/h1-2H2;O=C(OCF)OCF;3.384;Electrochemistry 76.1 (2008): 2-15(DOI:10.5796/electrochemistry.76.2)
1-fluoroethyl methyl carbonate;1-Fluoroethyl Methyl Carbonate;1FEMC;InChI=1S/C4H7FO3/c1-3(5)8-4(6)7-2/h3H,1-2H3;COC(=O)OC(C)F;3.375;Yin, Xiangzhu,Non-aqueous electrolyte and secondary battery,CN116779974A(patent)
methylsulfonylmethane;Dimethyl sulfone;DMS;InChI=1S/C2H6O2S/c1-5(2,3)4/h1-2H3;CS(C)(=O)=O;2.076;J. Electrochem. Soc. 2002,149 A920(DOI:10.1149/1.1483866)
1-ethylsulfonylethane;Diethyl sulfone;DES;InChI=1S/C4H10O2S/c1-3-7(5,6)4-2/h3-4H2,1-2H3;CCS(=O)(=O)CC;2.399;Xiao, Feng,Type of nonaqueous electrolyte for lithium secondary battery,US2007105022A1(patent)
1-ethylsulfinylethane;Diethyl sulfoxide;DESO;InChI=1S/C4H10OS/c1-3-6(5)4-2/h3-4H2,1-2H3;CCS(=O)CC;3.288;Takayuki Taki,Nonaqueous secondary battery,US9337511B2(patent)
1-propylsulfinylpropane;Dipropyl sulfoxide;DPSO;InChI=1S/C6H14OS/c1-3-5-8(7)6-4-2/h3-6H2,1-2H3;CCCS(=O)CCC;2.945;Takayuki Taki,Nonaqueous secondary battery,US9337511B2(patent)
1-butylsulfinylbutane;Dibutyl sulfoxide;DBSO;InChI=1S/C8H18OS/c1-3-5-7-10(9)8-6-4-2/h3-8H2,1-2H3;CCCCS(=O)CCCC;2.585;Li, Bin,Liquid electrolyte formulations with high salt content for lithium-ion batteries,WO2017172919A1(patent)
3-methylsulfonylpropyl acetate;(Methylsulfonyl)propylacetate;MSPA;InChI=1S/C6H12O4S/c1-6(7)10-4-3-5-11(2,8)9/h3-5H2,1-2H3;CC(=O)OCCCS(C)(=O)=O;2.093;ChemElectroChem 2018, 5, 2279 ? 2287(DOI:10.1002/celc.201701343)
2-methylsulfonylethyl 2,2-difluoroacetate;2-methylsulfonylethyl 2,2-difluoroacetate;MSPTFA;InChI=1S/C5H8F2O4S/c1-12(9,10)3-2-11-5(8)4(6)7/h4H,2-3H2,1H3;CS(=O)(=O)CCOC(=O)C(F)F;2.669;Chen, Xudong,Multifunctional sulfone/fluorinated ester solvents,US8092942B1(patent)
4-methylsulfonylbutanenitrile;4-(Methylsulfonyl)butanenitrile;MCPS;InChI=1S/C5H9NO2S/c1-9(7,8)5-3-2-4-6/h2-3,5H2,1H3;N#CCCCS(C)(=O)=O;2.496;ChemElectroChem 2018, 5, 2279 ? 2287(DOI:10.1002/celc.201701343)
thietane 1,1-dioxide;Trimethylene sulfone;TriPS(TriMS);InChI=1S/C3H6O2S/c4-6(5)2-1-3-6/h1-3H2;O=S1(=O)CCC1;2.585;J. Electrochem. Soc. 2002,149 A920(DOI:10.1149/1.1483866)
3-methoxythiolane 1,1-dioxide;3-Methoxysulfolane;MESL;InChI=1S/C5H10O3S/c1-8-5-2-3-9(6,7)4-5/h5H,2-4H2,1H3;COC1CCS(=O)(=O)C1;3.137;ChemElectroChem 2018, 5, 2279 ? 2287(DOI:10.1002/celc.201701343)
3-ethoxythiolane 1,1-dioxide;3-Ethoxysulfolane;EESL;InChI=1S/C6H12O3S/c1-2-9-6-3-4-10(7,8)5-6/h6H,2-5H2,1H3;CCOC1CCS(=O)(=O)C1;3.077;ChemElectroChem 2018, 5, 2279 ? 2287(DOI:10.1002/celc.201701343)
3-propan-2-yloxythiolane 1,1-dioxide;3-Isopropoxytetrahydrothiophene 1,1-dioxide;ISEL(IESL);InChI=1S/C7H14O3S/c1-6(2)10-7-3-4-11(8,9)5-7/h6-7H,3-5H2,1-2H3;CC(C)OC1CCS(=O)(=O)C1;3.219;ChemElectroChem 2018, 5, 2279 ? 2287(DOI:10.1002/celc.201701343)
3-(2-methoxyethoxy)thiolane 1,1-dioxide;3-(2-Methoxyethoxy)thiolane 1,1-dioxide;GLSL;InChI=1S/C7H14O4S/c1-10-3-4-11-7-2-5-12(8,9)6-7/h7H,2-6H2,1H3;COCCOC1CCS(=O)(=O)C1;3.016;ChemElectroChem 2018, 5, 2279 ? 2287(DOI:10.1002/celc.201701343)
(1,1-dioxothiolan-3-yl) acetate;1,1-Dioxothiolan-3-yl acetate;ACSL;InChI=1S/C6H10O4S/c1-5(7)10-6-2-3-11(8,9)4-6/h6H,2-4H2,1H3;CC(=O)OC1CCS(=O)(=O)C1;2.967;ChemElectroChem 2018, 5, 2279 ? 2287(DOI:10.1002/celc.201701343)
methyl 2-methylsulfonylacetate;Methyl (methylsulfonyl) acetate;MMSA;InChI=1S/C4H8O4S/c1-8-4(5)3-9(2,6)7/h3H2,1-2H3;COC(=O)CS(C)(=O)=O;2.324;ChemElectroChem 2018, 5, 2279 ? 2287(DOI:10.1002/celc.201701343)
1-methoxy-2-(2-methoxyethylsulfonyl)ethane;1-Methoxy-2-(2-methoxyethanesulfonyl)ethane;DMES;InChI=1S/C6H14O4S/c1-9-3-5-11(7,8)6-4-10-2/h3-6H2,1-2H3;COCCS(=O)(=O)CCOC;2.335;Electrochemistry Communications,7,(2005),261?266(DOI:10.1016/j.elecom.2005.01.010)
ethyl 2-methylsulfonylacetate;Ethyl methanesulfonylacetate;EMSA;InChI=1S/C5H10O4S/c1-3-9-5(6)4-10(2,7)8/h3-4H2,1-2H3;CCOC(=O)CS(C)(=O)=O;2.237;ChemElectroChem 2018, 5, 2279 ? 2287(DOI:10.1002/celc.201701343)
2-methylsulfonylethyl acetate;2-(Methylsulfonyl)ethyl acetate;MSEA;InChI=1S/C5H10O4S/c1-5(6)9-3-4-10(2,7)8/h3-4H2,1-2H3;CC(=O)OCCS(C)(=O)=O;2.166;ChemElectroChem 2018, 5, 2279 ? 2287(DOI:10.1002/celc.201701343)
2-methylsulfonylethyl 2,2,2-trifluoroacetate;2-(Methylsulfonyl)ethyl 2,2,2-trifluoroacetate;MSTFA;InChI=1S/C5H7F3O4S/c1-13(10,11)3-2-12-4(9)5(6,7)8/h2-3H2,1H3;CS(=O)(=O)CCOC(=O)C(F)(F)F;2.439;ChemElectroChem 2018, 5, 2279 ? 2287(DOI:10.1002/celc.201701343)
methyl 2-methylsulfonylethyl carbonate;{[(2-methanesulfonylethoxy)carbonyl]oxy}methane;MSEMC;InChI=1S/C5H10O5S/c1-9-5(6)10-3-4-11(2,7)8/h3-4H2,1-2H3;COC(=O)OCCS(C)(=O)=O;2.355;ChemElectroChem 2018, 5, 2279 ? 2287(DOI:10.1002/celc.201701343)
ethyl 2-methylsulfonylethyl carbonate;ethyl 2-methylsulfonylethyl carbonate;MSDEC;InChI=1S/C6H12O5S/c1-3-10-6(7)11-4-5-12(2,8)9/h3-5H2,1-2H3;CCOC(=O)OCCS(C)(=O)=O;2.255;ChemElectroChem 2018, 5, 2279 ? 2287(DOI:10.1002/celc.201701343)
2-methylsulfonylethyl propan-2-yl carbonate;2-{[(2-methanesulfonylethoxy)carbonyl]oxy}propane;MSEiPC;InChI=1S/C7H14O5S/c1-6(2)12-7(8)11-4-5-13(3,9)10/h6H,4-5H2,1-3H3;CC(C)OC(=O)OCCS(C)(=O)=O;2.359;ChemElectroChem 2018, 5, 2279 ? 2287(DOI:10.1002/celc.201701343)
methoxy(methylsulfonyl)methane;Methanesulfonyl(methoxy)methane;MMMS;InChI=1S/C3H8O3S/c1-6-3-7(2,4)5/h3H2,1-2H3;COCS(C)(=O)=O;2.951;Electrochemistry Communications,7,(2005),261?266(DOI:10.1016/j.elecom.2005.01.010)
1-methylsulfonylpropane;Methyl propyl sulfone;MPS(PMS);InChI=1S/C4H10O2S/c1-3-4-7(2,5)6/h3-4H2,1-2H3;CCCS(C)(=O)=O;2.238;Chem. Soc. Rev.,2023,52,2713 (DOI:10.1039/d2cs00873d)
2-propan-2-ylsulfonylbutane;2-(Propane-2-sulfonyl)butane;iPSBS;InChI=1S/C7H16O2S/c1-5-7(4)10(8,9)6(2)3/h6-7H,5H2,1-4H3;CCC(C)S(=O)(=O)C(C)C;3.116;Chem. Rev. 2014, 114, 11503?11618(DOI: 10.1021/cr500003w)
2-methyl-1-propan-2-ylsulfonylpropane;2-Methyl-1-(propane-2-sulfonyl)propane;iPiBS;InChI=1S/C7H16O2S/c1-6(2)5-10(8,9)7(3)4/h6-7H,5H2,1-4H3;CC(C)CS(=O)(=O)C(C)C;2.473;Chem. Rev. 2014, 114, 11503?11618(DOI: 10.1021/cr500003w)
1,1-Dioxo-1{lambda}^6-thiolan-3-yl ethyl carbonate;1,1-Dioxo-1{lambda}^6-thiolan-3-yl ethyl carbonate;ECSL;InChI=1S/C7H12O5S/c1-2-11-7(8)12-6-3-4-13(9,10)5-6/h6H,2-5H2,1H3;CCOC(=O)OC1CCS(=O)(=O)C1;3.018;ChemElectroChem 2018, 5, 2279 ? 2287(DOI:10.1002/celc.201701343)
butyl butane-1-sulfonate;Butyl sultone;;InChI=1S/C8H18O3S/c1-3-5-7-11-12(9,10)8-6-4-2/h3-8H2,1-2H3;CCCCOS(=O)(=O)CCCC;2.334;Solid State Ionics 254 (2014) 27?31(DOI:10.1016/j.ssi.2013.10.047)
5-fluorooxathiolane 2,2-dioxide;3-Fluoro-1,3-propane sultone;FPS;InChI=1S/C3H5FO3S/c4-3-1-2-8(5,6)7-3/h3H,1-2H2;O=S1(=O)CCC(F)O1;4.781;Chem. Soc. Rev.,2023,52,2713 (DOI:10.1039/d2cs00873d)
oxathiolane 2,2-dioxide;1,3-Propanesultone;PS-2;InChI=1S/C3H6O3S/c4-7(5)3-1-2-6-7/h1-3H2;O=S1(=O)CCCO1;3.974;Chem. Rev. 2014, 114, 11503?11618(DOI: 10.1021/cr500003w)
fluoro(methylsulfonyl)methane;Methyl(fluoromethyl) sulfone;;InChI=1S/C2H5FO2S/c1-6(4,5)2-3/h2H2,1H3;CS(=O)(=O)CF;2.652;Burkhardt, Stephen E. Nonaqueous electrolyte compositions containing fluorinated sulfones,WO2017209762A1(patent)
difluoro(methylsulfonyl)methane;Difluoro(methylsulfonyl)methane;;InChI=1S/C2H4F2O2S/c1-7(5,6)2(3)4/h2H,1H3;CS(=O)(=O)C(F)F;2.570;Sudo, Hitoshi,Electrochemical device containing sulfone in electrolytic solution,JP2013051342 A(patent)
trifluoro(methylsulfonyl)methane;Methyltrifluoromethyl sulfone;;InChI=1S/C2H3F3O2S/c1-8(6,7)2(3,4)5/h1H3;CS(=O)(=O)C(F)(F)F;2.334;Sudo, Hitoshi,Electrochemical device containing sulfone in electrolytic solution,JP2013051342 A(patent)
2-fluorothiolane 1,1-dioxide;Thiophene,2-fluorotetrahydro-,1,1-dioxide;2FTMS;InChI=1S/C4H7FO2S/c5-4-2-1-3-8(4,6)7/h4H,1-3H2;O=S1(=O)CCCC1F;4.245;Chem. Soc. Rev.,2023,52,2713 (DOI:10.1039/d2cs00873d)
3-fluorothiolane 1,1-dioxide;Thiophene,3-fluorotetrahydro-,1,1-dioxide;3FTMS;InChI=1S/C4H7FO2S/c5-4-1-2-8(6,7)3-4/h4H,1-3H2;O=S1(=O)CCC(F)C1;3.751;Chem. Soc. Rev.,2023,52,2713 (DOI:10.1039/d2cs00873d)
1,1,1-trifluoro-2-methylsulfonylethane;1,1,1-Trifluoro-2-methylsulfonylethane;TFEMS(FTEMS);InChI=1S/C3H5F3O2S/c1-9(7,8)2-3(4,5)6/h2H2,1H3;CS(=O)(=O)CC(F)(F)F;2.725;Chem. Soc. Rev.,2023,52,2713 (DOI:10.1039/d2cs00873d)
1-(trifluoromethylsulfonyl)ethane;Trifluoromethanesulphonylethane;FMES;InChI=1S/C3H5F3O2S/c1-2-9(7,8)3(4,5)6/h2H2,1H3;CCS(=O)(=O)C(F)(F)F;2.751;Chem. Soc. Rev.,2023,52,2713 (DOI:10.1039/d2cs00873d)
2-(trifluoromethylsulfonyl)propane;2-(Trifluoromethanesulfonyl)propane;FMiPS;InChI=1S/C4H7F3O2S/c1-3(2)10(8,9)4(5,6)7/h3H,1-2H3;CC(C)S(=O)(=O)C(F)(F)F;2.738;Chem. Soc. Rev.,2023,52,2713 (DOI:10.1039/d2cs00873d)
oxathiane 2,2-dioxide;1,4-Butane sultone;;InChI=1S/C4H8O3S/c5-8(6)4-2-1-3-7-8/h1-4H2;O=S1(=O)CCCCO1;3.575;Ionics 25, 1447?1457 (2019)(DOI:10.1007/s11581-019-02925-6)
trimethyl phosphate;Trimethyl phosphate;TMP;InChI=1S/C3H9O4P/c1-5-8(4,6-2)7-3/h1-3H3;COP(=O)(OC)OC;3.047;J. Electrochem. Soc. 2015,162 A3084 (DOI:10.1149/2.0121502jes)
triethyl phosphate;Triethyl phosphate;TEP;InChI=1S/C6H15O4P/c1-4-8-11(7,9-5-2)10-6-3/h4-6H2,1-3H3;CCOP(=O)(OCC)OCC;2.595;Chem. Soc. Rev.,2023,52,2713 (DOI:10.1039/d2cs00873d)
[methoxy(methyl)phosphoryl]oxymethane;Dimethyl methyl phosphonate;DMMP;InChI=1S/C3H9O3P/c1-5-7(3,4)6-2/h1-3H3;COP(C)(=O)OC;3.390;Chem. Rev. 2014, 114, 11503?11618(DOI: 10.1021/cr500003w)
4,5-dimethyl-1,3-dioxol-2-one;4,5-Dimethyl-1,3-dioxol-2-one;;InChI=1S/C5H6O3/c1-3-4(2)8-5(6)7-3/h1-2H3;Cc1oc(=O)oc1C;2.993;NATURE COMMUNICATIONS | (2021) 12:838(DOI:10.1038/s41467-021-21106-6)
3-methyl-1,3-oxazolidin-2-one;N-methyl-2-oxazolidinone;NMO;InChI=1S/C4H7NO2/c1-5-2-3-7-4(5)6/h2-3H2,1H3;CN1CCOC1=O;2.648;Journal of The Electrochemical Society, 164 (2) A54-A60 (2017) (DOI:10.1149/2.0211702jes)
1,3-dimethylimidazolidin-2-one;N,N'-dimethylimidazolidinone;DMI;InChI=1S/C5H10N2O/c1-6-3-4-7(2)5(6)8/h3-4H2,1-2H3;CN1CCN(C)C1=O;2.511;Journal of The Electrochemical Society, 164 (2) A54-A60 (2017) (DOI:10.1149/2.0211702jes)
furan;Furan;;InChI=1S/C4H4O/c1-2-4-5-3-1/h1-4H;c1ccoc1;3.410;Nature Communications,(2022),13:4538(DOI:10.1038/s41467-022-32192-5)
2,5-dimethylfuran;2,5-Dimethylfuran;DMFu;InChI=1S/C6H8O/c1-5-3-4-6(2)7-5/h3-4H,1-2H3;Cc1ccc(C)o1;1.990;Adv. Funct. Mater. 2025, 2502761(DOI:10.1002/adfm.202502761)
3-fluorofuran;3-Fluorofuran;;InChI=1S/C4H3FO/c5-4-1-2-6-3-4/h1-3H;Fc1ccoc1;3.177;Zhijia Du,Non-aqueous electrolyte containing lifsi salt for fast charging/discharging of lithium-ion battery,US20220037698A1(patent)
2-fluorofuran;2-Fluorofuran;;InChI=1S/C4H3FO/c5-4-2-1-3-6-4/h1-3H;Fc1ccco1;3.056;Zhijia Du,Non-aqueous electrolyte containing lifsi salt for fast charging/discharging of lithium-ion battery,US20220037698A1(patent)
3,4-Difluorofuran;3,4-Difluorofuran;;InChI=1S/C4H2F2O/c5-3-1-7-2-4(3)6/h1-2H;Fc1cocc1F;3.526;Jung, Cheol Soo, Electrolyte having improved high-rate charge and discharge property, and capacitor comprising same, US20150024267 A1 (patent)
2,5-Difluorofuran;2,5-Difluorofuran;;InChI=1S/C4H2F2O/c5-3-1-2-4(6)7-3/h1-2H;Fc1ccc(F)o1;3.605;Jung, Cheol Soo, Electrolyte having improved high-rate charge and discharge property, and capacitor comprising same, US20150024267 A1 (patent)
2,4-Difluorofuran;2,4-Difluorofuran;;InChI=1S/C4H2F2O/c5-3-1-4(6)7-2-3/h1-2H;Fc1coc(F)c1;3.592;Jung, Cheol Soo, Electrolyte having improved high-rate charge and discharge property, and capacitor comprising same, US20150024267 A1 (patent)
furan-2-carbonitrile;2-Furonitrile;;InChI=1S/C5H3NO/c6-4-5-2-1-3-7-5/h1-3H;N#Cc1ccco1;2.976;Frederick Francois CHESNEAU,Acrylonitrile derivatives as additive for electrolytes in lithium ion batteries,US9761909B2(patent)
2-ethylfuran;2-Ethylfuran;;InChI=1S/C6H8O/c1-2-6-4-3-5-7-6/h3-5H,2H2,1H3;CCc1ccco1;2.076;Seonghyo PARK,Electrolyte for a lithium-sulfur secondary battery and lithium-sulfur secondary battery including the same,CN118843968A(patent)
2,3-dimethylfuran;2,3-Dimethylfuran;;InChI=1S/C6H8O/c1-5-3-4-7-6(5)2/h3-4H,1-2H3;Cc1ccoc1C;2.534;Cha, Seon Yeong,An electrolyte for lithium-sulfur secondary battery, capable of lowering the resistance of lithium-sulfur secondary battery, IN202517023894 A (patent)
3-methyloxolane;3-Methyltetrahydrofuran;;InChI=1S/C5H10O/c1-5-2-3-6-4-5/h5H,2-4H2,1H3;CC1CCOC1;3.049;Cheng, Meixiao,Primary lithium ion battery and its electrolyte,CN113839059 A(patent)
1-methoxypropan-2-one;Methoxyacetone;;InChI=1S/C4H8O2/c1-4(5)3-6-2/h3H2,1-2H3;COCC(C)=O;2.275;Hiroki IGUCHI,Electrolyte solution and lithium-ion battery,US20190260081A1(patent)
1-chloropropan-2-one;Chloroacetone;;InChI=1S/C3H5ClO/c1-3(5)2-4/h2H2,1H3;CC(=O)CCl;2.373;Kawashima, Atsumichi,Secondary nonaqueous electrolyte battery,JP2008305770 A(patent)
1-fluoropropan-2-one;Fluoroacetone;;InChI=1S/C3H5FO/c1-3(5)2-4/h2H2,1H3;CC(=O)CF;2.581;Electrochemistry Communications 16 (2012) 41?43(DOI:10.1016/j.elecom.2011.12.021)
5-methyloxolan-2-one;gamma-Valerolactone;GVL;InChI=1S/C5H8O2/c1-4-2-3-5(6)7-4/h4H,2-3H2,1H3;CC1CCC(=O)O1;3.015;J. Electrochem. Soc. 2015,162 A3084 (DOI:10.1149/2.0121502jes)
difluoromethyl fluoromethyl carbonate;Carbonic acid difluoromethylfluoromethyl ester;TFDMC_2;InChI=1S/C3H3F3O3/c4-1-8-3(7)9-2(5)6/h2H,1H2;O=C(OCF)OC(F)F;3.368;Electrochemistry 76.1 (2008): 2-15(DOI:10.5796/electrochemistry.76.2)
1-methoxy-2-[2-[2-(2-methoxyethoxy)ethoxy]ethoxy]ethane;Tetraethylene glycol dimethyl ether;Tetraglyme(G4);InChI=1S/C10H22O5/c1-11-3-5-13-7-9-15-10-8-14-6-4-12-2/h3-10H2,1-2H3;COCCOCCOCCOCCOC;1.898;Electrochemistry 76.1 (2008): 2-15(DOI:10.5796/electrochemistry.76.2)
nitromethane;Nitromethane;NM;InChI=1S/CH3NO2/c1-2(3)4/h1H3;C[N+](=O)[O-];2.931;Journal of The Electrochemical Society,2017,164 (2),A54-A60 (DOI:10.1149/2.0211702jes)
1,4-dimethoxybutane;1,4-Dimethoxybutane;DMB(C3);InChI=1S/C6H14O2/c1-7-5-3-4-6-8-2/h3-6H2,1-2H3;COCCCCOC;1.665;Nature Energy,2020,5(7),526-533
2,2,3,3-tetrafluoro-1,4-dimethoxybutane;2,2,3,3-tetrafluoro-1,4-dimethoxybutane;FDMB;InChI=1S/C6H10F4O2/c1-11-3-5(7,8)6(9,10)4-12-2/h3-4H2,1-2H3;COCC(F)(F)C(F)(F)COC;3.016;Chem. Sci., 2024, 15, 4238(DOI:10.1039/d3sc06650a)
1,2-oxazole;isoxazole;IZ;InChI=1S/C3H3NO/c1-2-4-5-3-1/h1-3H;c1cnoc1;4.228;ACS Appl.Mater.Interfaces,2021,13,24995
tripropyl phosphate;Tripropyl phosphate;TPrP;InChI=1S/C9H21O4P/c1-4-7-11-14(10,12-8-5-2)13-9-6-3/h4-9H2,1-3H3;CCCOP(=O)(OCCC)OCCC;2.632;Mater. Horiz.,2021,8,2913(DOI: 10.1039/D1MH00748C)
2-(2,2,2-trifluoroethoxy)-1,3,2lambda5-dioxaphospholane 2-oxide;2-(2,2,2-Trifluoroethoxy)-1,3,2-dioxaphospholane 2-Oxide;TFEP-2;InChI=1S/C4H6F3O4P/c5-4(6,7)3-11-12(8)9-1-2-10-12/h1-3H2;O=P1(OCC(F)(F)F)OCCO1;3.722;Mater. Horiz.,2021,8,2913(DOI: 10.1039/D1MH00748C)
2,5-dimethyloxolane;2,5-Dimethyltetrahydrofuran;DMeTHF(diMeTHF);InChI=1S/C6H12O/c1-5-3-4-6(2)7-5/h5-6H,3-4H2,1-2H3;CC1CCC(C)O1;3.320;Joule, 2022, 6, 588
N,N-dimethylsulfamoyl fluoride;Dimethylsulfamoyl fluoride;FSA;InChI=1S/C2H6FNO2S/c1-4(2)7(3,5)6/h1-2H3;CN(C)S(=O)(=O)F;2.648;Chem. Sci., 2024, 15, 4238(DOI:10.1039/d3sc06650a)
4,4-difluoro-1,3-dioxolan-2-one;difluoro ethylene carbonate;2FEC;InChI=1S/C3H2F2O3/c4-3(5)1-7-2(6)8-3/h1H2;O=C1OCC(F)(F)O1;3.806;Chem. Soc. Rev.,2023,52,2713 (DOI:10.1039/d2cs00873d)
4,4,5-trifluoro-1,3-dioxolan-2-one;trifluoroethylene carbonate;F3EC;InChI=1S/C3HF3O3/c4-1-3(5,6)9-2(7)8-1/h1H;O=C1OC(F)C(F)(F)O1;4.341;Chem. Soc. Rev.,2023,52,2713 (DOI:10.1039/d2cs00873d)
4-(2,2,3,3-tetrafluoropropoxymethyl)-1,3-dioxolan-2-one;3-(2,2,3,3-tetrafluoropropoxy)propyl-1-enecarbonate;TFPPC(HFEEC);InChI=1S/C7H8F4O4/c8-5(9)7(10,11)3-13-1-4-2-14-6(12)15-4/h4-5H,1-3H2;O=C1OCC(COCC(F)(F)C(F)F)O1;3.595;Chem. Soc. Rev.,2023,52,2713 (DOI:10.1039/d2cs00873d)
ethyl 1-fluoroethyl carbonate;Ethyl 1-fluoroethyl carbonate;F1DEC;InChI=1S/C5H9FO3/c1-3-8-5(7)9-4(2)6/h4H,3H2,1-2H3;CCOC(=O)OC(C)F;3.123;Chem. Soc. Rev.,2023,52,2713 (DOI:10.1039/d2cs00873d)
1-fluoroethyl 2,2,2-trifluoroethyl carbonate;1-Fluoroethyl 2,2,2-trifluoroethyl carbonate;F4DEC;InChI=1S/C5H6F4O3/c1-3(6)12-4(10)11-2-5(7,8)9/h3H,2H2,1H3;CC(F)OC(=O)OCC(F)(F)F;3.344;Chem. Soc. Rev.,2023,52,2713 (DOI:10.1039/d2cs00873d)
methyl 2-fluoroacetate;Methyl fluoroacetate;MFA;InChI=1S/C3H5FO2/c1-6-3(5)2-4/h2H2,1H3;COC(=O)CF;2.661;Chem. Soc. Rev.,2023,52,2713 (DOI:10.1039/d2cs00873d)
methyl 2,2-difluoroacetate;Methyl difluoroacetate;MDFA;InChI=1S/C3H4F2O2/c1-7-3(6)2(4)5/h2H,1H3;COC(=O)C(F)F;2.611;Chem. Soc. Rev.,2023,52,2713 (DOI:10.1039/d2cs00873d)
methyl 2,2,2-trifluoroacetate;Methyl trifluoroacetate;MTFA;InChI=1S/C3H3F3O2/c1-8-2(7)3(4,5)6/h1H3;COC(=O)C(F)(F)F;2.308;Chem. Soc. Rev.,2023,52,2713 (DOI:10.1039/d2cs00873d)
ethyl 2,2,2-trifluoroacetate;Ethyl trifluoroacetate;ETFA;InChI=1S/C4H5F3O2/c1-2-9-3(8)4(5,6)7/h2H2,1H3;CCOC(=O)C(F)(F)F;2.049;Chem. Soc. Rev.,2023,52,2713 (DOI:10.1039/d2cs00873d)
2,2,2-trifluoroethyl acetate;2,2,2-Trifluoroethyl acetate;DFEA;InChI=1S/C4H5F3O2/c1-3(8)9-2-4(5,6)7/h2H2,1H3;CC(=O)OCC(F)(F)F;2.171;Chem. Soc. Rev.,2023,52,2713 (DOI:10.1039/d2cs00873d)
methyl 3,3,3-trifluoro-2-(trifluoromethyl)propanoate;methyl 3,3,3-trifluoro-2-(trifluoromethyl)propanoate;M2TFMTFP;InChI=1S/C5H4F6O2/c1-13-3(12)2(4(6,7)8)5(9,10)11/h2H,1H3;COC(=O)C(C(F)(F)F)C(F)(F)F;2.780;Chem. Soc. Rev.,2023,52,2713 (DOI:10.1039/d2cs00873d)
methyl 2,2,3,3,4,4,4-heptafluorobutanoate;Methyl heptafluorobutyrate;MHTFB;InChI=1S/C5H3F7O2/c1-14-2(13)3(6,7)4(8,9)5(10,11)12/h1H3;COC(=O)C(F)(F)C(F)(F)C(F)(F)F;2.558;Chem. Soc. Rev.,2023,52,2713 (DOI:10.1039/d2cs00873d)
butyl 2,2,2-trifluoroacetate;Butyl trifluoroacetate;NBTFA;InChI=1S/C6H9F3O2/c1-2-3-4-11-5(10)6(7,8)9/h2-4H2,1H3;CCCCOC(=O)C(F)(F)F;2.068;Chem. Soc. Rev.,2023,52,2713 (DOI:10.1039/d2cs00873d)
ethyl 2,2,3,3,3-pentafluoropropanoate;Ethyl pentafluoropropionate;EPTFP;InChI=1S/C5H5F5O2/c1-2-12-3(11)4(6,7)5(8,9)10/h2H2,1H3;CCOC(=O)C(F)(F)C(F)(F)F;2.390;Chem. Soc. Rev.,2023,52,2713 (DOI:10.1039/d2cs00873d)
hexyl 2,2,2-trifluoroacetate;Hexyl trifluoroacetate;NHTFA;InChI=1S/C8H13F3O2/c1-2-3-4-5-6-13-7(12)8(9,10)11/h2-6H2,1H3;CCCCCCOC(=O)C(F)(F)F;2.008;Chem. Soc. Rev.,2023,52,2713 (DOI:10.1039/d2cs00873d)
1,1,1-trifluoro-2-[2-(2-fluoroethoxy)ethoxy]ethane;1-(2-fluoroethoxy)-2-(2,2,2-trifluoroethoxy)ethane;4FDEE;InChI=1S/C6H10F4O2/c7-1-2-11-3-4-12-5-6(8,9)10/h1-5H2;FCCOCCOCC(F)(F)F;2.600;Chem. Soc. Rev.,2023,52,2713 (DOI:10.1039/d2cs00873d)
2-[2-(2,2-difluoroethoxy)ethoxy]-1,1-difluoroethane;1,2-Bis(2,2-difluoroethoxy)ethane;F4DEE;InChI=1S/C6H10F4O2/c7-5(8)3-11-1-2-12-4-6(9)10/h5-6H,1-4H2;FC(F)COCCOCC(F)F;2.919;Chem. Soc. Rev.,2023,52,2713 (DOI:10.1039/d2cs00873d)
2-[2-(2,2-difluoroethoxy)ethoxy]-1,1,1-trifluoroethane;1-Difluoroethoxy-2-Trifluoroethoxyethane;F5DEE;InChI=1S/C6H9F5O2/c7-5(8)3-12-1-2-13-4-6(9,10)11/h5H,1-4H2;FC(F)COCCOCC(F)(F)F;2.676;Chem. Soc. Rev.,2023,52,2713 (DOI:10.1039/d2cs00873d)
1,1,1-trifluoro-2-[2-(2,2,2-trifluoroethoxy)ethoxy]ethane;1,1,1-Trifluoro-2-(2-(2,2,2-trifluoroethoxy)ethoxy)ethane;F6DEE;InChI=1S/C6H8F6O2/c7-5(8,9)3-13-1-2-14-4-6(10,11)12/h1-4H2;FC(F)(F)COCCOCC(F)(F)F;2.411;Chem. Soc. Rev.,2023,52,2713 (DOI:10.1039/d2cs00873d)
1,1,2,2-tetrafluoro-3-(2-methoxyethoxy)propane;1,1,2,2-Tetrafluoro-3-(2-methoxyethoxy)propane;TFPG;InChI=1S/C6H10F4O2/c1-11-2-3-12-4-6(9,10)5(7)8/h5H,2-4H2,1H3;COCCOCC(F)(F)C(F)F;2.601;Chem. Soc. Rev.,2023,52,2713 (DOI:10.1039/d2cs00873d)
1-(2-ethoxyethoxy)-2-methoxyethane;1-Ethoxy-2-(2-methoxyethoxy)ethane;EMEE;InChI=1S/C7H16O3/c1-3-9-6-7-10-5-4-8-2/h3-7H2,1-2H3;CCOCCOCCOC;1.934;Chem. Soc. Rev.,2023,52,2713 (DOI:10.1039/d2cs00873d)
1,1,1-trifluoro-2-[2-(2-methoxyethoxy)ethoxy]ethane;1-(2,2,2-Trifluoroethoxy)-2(2-methoxyethoxy)ethane;TFEMEE;InChI=1S/C7H13F3O3/c1-11-2-3-12-4-5-13-6-7(8,9)10/h2-6H2,1H3;COCCOCCOCC(F)(F)F;2.236;Chem. Soc. Rev.,2023,52,2713 (DOI:10.1039/d2cs00873d)
Ethylene glycol 2,2,2-trifluoroethyl-2,2,3,3-tetrafluoropropyl ether;Ethylene glycol 2,2,2-trifluoroethyl-2,2,3,3-tetrafluoropropyl ether;DFEPG;InChI=1S/C7H9F7O2/c8-5(9)6(10,11)3-15-1-2-16-4-7(12,13)14/h5H,1-4H2;FC(F)C(F)(F)COCCOCC(F)(F)F;2.777;Chem. Soc. Rev.,2023,52,2713 (DOI:10.1039/d2cs00873d)
1-(trifluoromethylsulfonyl)propane;1-(Trifluoromethylsulfonyl)propane;FMPS;InChI=1S/C4H7F3O2S/c1-2-3-10(8,9)4(5,6)7/h2-3H2,1H3;CCCS(=O)(=O)C(F)(F)F;2.679;Chem. Soc. Rev.,2023,52,2713 (DOI:10.1039/d2cs00873d)
1,1,1,2,2-pentafluoro-3-methylsulfonylpropane;1,1,1,2,2-Pentafluoro-3-methylsulfonylpropane;TFPMS;InChI=1S/C4H5F5O2S/c1-12(10,11)2-3(5,6)4(7,8)9/h2H2,1H3;CS(=O)(=O)CC(F)(F)C(F)(F)F;2.932;Chem. Soc. Rev.,2023,52,2713 (DOI:10.1039/d2cs00873d)
methyl bis(2,2,2-trifluoroethyl) phosphate;Phosphoric acid methylbis(2,2,2-trifluoroethyl) ester;BMP;InChI=1S/C5H7F6O4P/c1-13-16(12,14-2-4(6,7)8)15-3-5(9,10)11/h2-3H2,1H3;COP(=O)(OCC(F)(F)F)OCC(F)(F)F;3.072;Chem. Soc. Rev.,2023,52,2713 (DOI:10.1039/d2cs00873d)
diethyl 2,2,2-trifluoroethyl phosphate;Phosphoric acid 2,2,2-trifluoroethyldiethyl ester;TDP;InChI=1S/C6H12F3O4P/c1-3-11-14(10,12-4-2)13-5-6(7,8)9/h3-5H2,1-2H3;CCOP(=O)(OCC)OCC(F)(F)F;2.818;Chem. Soc. Rev.,2023,52,2713 (DOI:10.1039/d2cs00873d)
2-ethoxy-1,3,2lambda5-dioxaphospholane 2-oxide;Ethyl ethylene phosphate;EEP(EP);InChI=1S/C4H9O4P/c1-2-6-9(5)7-3-4-8-9/h2-4H2,1H3;CCOP1(=O)OCCO1;3.709;Chem. Soc. Rev.,2023,52,2713 (DOI:10.1039/d2cs00873d)
2-(1,1,1,3,3,3-hexafluoropropan-2-yloxy)-1,3,2lambda5-dioxaphospholane 2-oxide;2-(1,1,1,3,3,3-Hexafluoropropan-2-yloxy)-1,3,2lambda5-dioxaphospholane 2-oxide;PFPOP;InChI=1S/C5H5F6O4P/c6-4(7,8)3(5(9,10)11)15-16(12)13-1-2-14-16/h3H,1-2H2;O=P1(OC(C(F)(F)F)C(F)(F)F)OCCO1;3.764;Chem. Soc. Rev.,2023,52,2713 (DOI:10.1039/d2cs00873d)
2-(1,1,2,2,2-pentafluoroethoxy)-1,3,2lambda5-dioxaphospholane 2-oxide;2-((1,1,1,3,3,3-hexafluoropro-pan-2-yl)oxy)-1.3,2-dioxaphospholane 2-oxide;HFiPOP;InChI=1S/C4H4F5O4P/c5-3(6,7)4(8,9)13-14(10)11-1-2-12-14/h1-2H2;O=P1(OC(F)(F)C(F)(F)F)OCCO1;3.791;Chem. Soc. Rev.,2023,52,2713 (DOI:10.1039/d2cs00873d)
ethyl N,N-dimethylcarbamate;Ethyl dimethylcarbamate;27(1);InChI=1S/C5H11NO2/c1-4-8-5(7)6(2)3/h4H2,1-3H3;CCOC(=O)N(C)C;1.983;Chem. Soc. Rev.,2023,52,2713 (DOI:10.1039/d2cs00873d)
propan-2-yl N,N-dimethylcarbamate;Isopropyl dimethylcarbamate;27(2);InChI=1S/C6H13NO2/c1-5(2)9-6(8)7(3)4/h5H,1-4H3;CC(C)OC(=O)N(C)C;2.185;Chem. Soc. Rev.,2023,52,2713 (DOI:10.1039/d2cs00873d)
ethyl N,N-diethylcarbamate;Ethyl diethylcarbamate;27(3);InChI=1S/C7H15NO2/c1-4-8(5-2)7(9)10-6-3/h4-6H2,1-3H3;CCOC(=O)N(CC)CC;1.951;Chem. Soc. Rev.,2023,52,2713 (DOI:10.1039/d2cs00873d)
2,2,2-trifluoroethyl N,N-dimethylcarbamate;2,2,2-Trifluoroethyl dimethylcarbamate;TFECm;InChI=1S/C5H8F3NO2/c1-9(2)4(10)11-3-5(6,7)8/h3H2,1-2H3;CN(C)C(=O)OCC(F)(F)F;2.397;Chem. Rev. 2014, 114, 11503?11618(DOI: 10.1021/cr500003w)
1,1,1,3,3,3-hexafluoropropan-2-yl N,N-dimethylcarbamate;Dimethylcarbamic acid 2,2,2-trifluoro-1-(trifluoromethyl)ethyl ester;HFPCm;InChI=1S/C6H7F6NO2/c1-13(2)4(14)15-3(5(7,8)9)6(10,11)12/h3H,1-2H3;CN(C)C(=O)OC(C(F)(F)F)C(F)(F)F;2.868;Chem. Rev. 2014, 114, 11503?11618(DOI: 10.1021/cr500003w)
2,2,2-trifluoroethyl N,N-diethylcarbamate;Carbamic acid, diethyl-, 2,2,2-trifluoroethyl ester;27(6);InChI=1S/C7H12F3NO2/c1-3-11(4-2)6(12)13-5-7(8,9)10/h3-5H2,1-2H3;CCN(CC)C(=O)OCC(F)(F)F;2.322;Chem. Soc. Rev.,2023,52,2713 (DOI:10.1039/d2cs00873d)
2-(2,2,3,3,3-pentafluoropropoxy)-1,3,2-dioxaphospholane;2-(2,2,3,3,3-Pentafluoropropoxy)-1,3,2-dioxaphospholane;PFPOEPi;InChI=1S/C5H6F5O3P/c6-4(7,5(8,9)10)3-13-14-11-1-2-12-14/h1-3H2;FC(F)(F)C(F)(F)COP1OCCO1;3.997;Chem. Soc. Rev.,2023,52,2713 (DOI:10.1039/d2cs00873d)
2,2,3,3,4,4-hexafluoro-1,5-dimethoxypentane;2,2,3,3,4,4-Hexafluoro-1,5-dimethoxypentane;FDMP;InChI=1S/C7H10F6O2/c1-14-3-5(8,9)7(12,13)6(10,11)4-15-2/h3-4H2,1-2H3;COCC(F)(F)C(F)(F)C(F)(F)COC;2.995;Chem. Soc. Rev.,2023,52,2713 (DOI:10.1039/d2cs00873d)
1,1,1-trifluoro-N,N-dimethylmethanesulfonamide;1,1,1-trifluoro-N,N-dimethylmethanesulfonamide;DMTMSA;InChI=1S/C3H6F3NO2S/c1-7(2)10(8,9)3(4,5)6/h1-2H3;CN(C)S(=O)(=O)C(F)(F)F;2.671;ACS Energy Lett. 2025, 10, 7, 3610?3619(DOI:10.1021/acsenergylett.5c00773)
N-ethyl-1,1,1-trifluoro-N-methylmethanesulfonamide;N-ethyl-N-methyl-trifluoromethanesulfonamide;33(2);InChI=1S/C4H8F3NO2S/c1-3-8(2)11(9,10)4(5,6)7/h3H2,1-2H3;CCN(C)S(=O)(=O)C(F)(F)F;2.745;Chem. Soc. Rev.,2023,52,2713 (DOI:10.1039/d2cs00873d)
N,N-diethyl-1,1,1-trifluoromethanesulfonamide;N,N-diethyl-trifluoromethanesulfonamide;33(3);InChI=1S/C5H10F3NO2S/c1-3-9(4-2)12(10,11)5(6,7)8/h3-4H2,1-2H3;CCN(CC)S(=O)(=O)C(F)(F)F;2.524;Chem. Soc. Rev.,2023,52,2713 (DOI:10.1039/d2cs00873d)
1,1,1-trifluoro-N,N-bis(2-methoxyethyl)methanesulfonamide;N,N-bis(2-methoxyethyl)-1,1,1-trifluoro-methanesulfonamide;33(4);InChI=1S/C7H14F3NO4S/c1-14-5-3-11(4-6-15-2)16(12,13)7(8,9)10/h3-6H2,1-2H3;COCCN(CCOC)S(=O)(=O)C(F)(F)F;2.570;Chem. Soc. Rev.,2023,52,2713 (DOI:10.1039/d2cs00873d)
1,1,2,2,2-pentafluoro-N,N-dimethylethanesulfonamide;N,N-Dimethyl-1,1,2,2,2-pentafluoroethanesulfonamide;34(1);InChI=1S/C4H6F5NO2S/c1-10(2)13(11,12)4(8,9)3(5,6)7/h1-2H3;CN(C)S(=O)(=O)C(F)(F)C(F)(F)F;2.939;Chem. Soc. Rev.,2023,52,2713 (DOI:10.1039/d2cs00873d)
N-ethyl-1,1,2,2,2-pentafluoro-N-methylethanesulfonamide;N-ethyl-N-methyl-1,1,2,2,2-pentafluoro-ethanesulfonamide;34(2);InChI=1S/C5H8F5NO2S/c1-3-11(2)14(12,13)5(9,10)4(6,7)8/h3H2,1-2H3;CCN(C)S(=O)(=O)C(F)(F)C(F)(F)F;2.963;Chem. Soc. Rev.,2023,52,2713 (DOI:10.1039/d2cs00873d)
N,N-diethyl-1,1,2,2,2-pentafluoroethanesulfonamide;N,N-diethyl-1,1,2,2,2-pentafluoro-ethanesulfonamide;34(3);InChI=1S/C6H10F5NO2S/c1-3-12(4-2)15(13,14)6(10,11)5(7,8)9/h3-4H2,1-2H3;CCN(CC)S(=O)(=O)C(F)(F)C(F)(F)F;2.757;Chem. Soc. Rev.,2023,52,2713 (DOI:10.1039/d2cs00873d)
2,3-diacetyloxypropyl acetate;Triacetin;;InChI=1S/C9H14O6/c1-6(10)13-4-9(15-8(3)12)5-14-7(2)11/h9H,4-5H2,1-3H3;CC(=O)OCC(COC(C)=O)OC(C)=O;2.246;ACS Appl. Mater. Interfaces 2024, 16, 19, 24590?24600(DOI:10.1021/acsami.4c02323)
2-methylpropanenitrile;i-Butyronitrile (Isobutyronitrile);iBN;InChI=1S/C4H7N/c1-4(2)3-5/h4H,1-2H3;N#CC(C)C;2.657;Journal of The Electrochemical Society, 165 (10) A2365-A2373 (2018) (DOI:10.1149/2.1351810jes)
2-ethoxyoxolane;2-Ethoxytetrahydrofuran;2-ETHF;InChI=1S/C6H12O2/c1-2-7-6-4-3-5-8-6/h6H,2-5H2,1H3;CCOC1CCCO1;2.731;Yamaki, Jun-ichi. Liquid electrolytes. Advances in Lithium-Ion Batteries. Boston, MA: Springer US, 2002. 155-183.
2-methyloxane;2-Methyltetrahydropyran;2-MeTHP;InChI=1S/C6H12O/c1-6-4-2-3-5-7-6/h6H,2-5H2,1H3;CC1CCCCO1;2.615;Yamaki, Jun-ichi. Liquid electrolytes. Advances in Lithium-Ion Batteries. Boston, MA: Springer US, 2002. 155-183.
3-methyloxane;3-Methyltetrahydropyran;3-MeTHP;InChI=1S/C6H12O/c1-6-3-2-4-7-5-6/h6H,2-5H2,1H3;CC1CCCOC1;2.775;Yamaki, Jun-ichi. Liquid electrolytes. Advances in Lithium-Ion Batteries. Boston, MA: Springer US, 2002. 155-183.
2-methoxyoxane;2-Methoxytetrahydropyran;2-MTHP;InChI=1S/C6H12O2/c1-7-6-4-2-3-5-8-6/h6H,2-5H2,1H3;COC1CCCCO1;2.786;Yamaki, Jun-ichi. Liquid electrolytes. Advances in Lithium-Ion Batteries. Boston, MA: Springer US, 2002. 155-183.
7-oxabicyclo[2.2.1]heptane;7-oxabicyclo[2.2.1]heptane(1,4-Epoxycyclohexane);7-OBCH;InChI=1S/C6H10O/c1-2-6-4-3-5(1)7-6/h5-6H,1-4H2;C1CC2CCC1O2;3.526;Yamaki, Jun-ichi. Liquid electrolytes. Advances in Lithium-Ion Batteries. Boston, MA: Springer US, 2002. 155-183.
oxepane;Hexamethylene oxide(Oxepane);HMO;InChI=1S/C6H12O/c1-2-4-6-7-5-3-1/h1-6H2;C1CCCOCC1;1.846;Yamaki, Jun-ichi. Liquid electrolytes. Advances in Lithium-Ion Batteries. Boston, MA: Springer US, 2002. 155-183.
2,2-dimethyl-1,3-dioxolane;2,2-dimethyl-1,3-dioxolane;2,2-DMDOL;InChI=1S/C5H10O2/c1-5(2)6-3-4-7-5/h3-4H2,1-2H3;CC1(OCCO1)C;2.803;Yamaki, Jun-ichi. Liquid electrolytes. Advances in Lithium-Ion Batteries. Boston, MA: Springer US, 2002. 155-183.
2-ethyl-2-methyl-1,3-dioxolane;2-Ethyl-2-methyl-1,3-dioxolane;2,2-EMDOL;InChI=1S/C6H12O2/c1-3-6(2)7-4-5-8-6/h3-5H2,1-2H3;CCC1(OCCO1)C;2.981;Yamaki, Jun-ichi. Liquid electrolytes. Advances in Lithium-Ion Batteries. Boston, MA: Springer US, 2002. 155-183.
1,3-dioxane;1,3-dioxane;DOX(DX);InChI=1S/C4H8O2/c1-2-5-4-6-3-1/h1-4H2;C1COCOC1;2.728;Yamaki, Jun-ichi. Liquid electrolytes. Advances in Lithium-Ion Batteries. Boston, MA: Springer US, 2002. 155-183.
4-methyl-1,3-dioxane;4-Methyl-1,3-dioxane;4-MeDOX;InChI=1S/C5H10O2/c1-5-2-3-6-4-7-5/h5H,2-4H2,1H3;CC1CCOCO1;3.428;Yamaki, Jun-ichi. Liquid electrolytes. Advances in Lithium-Ion Batteries. Boston, MA: Springer US, 2002. 155-183.
2,4-dimethyl-1,3-dioxane;2,4-dimethyl-1,3-dioxane;2,4-DMDOX;InChI=1S/C6H12O2/c1-5-3-4-7-6(2)8-5/h5-6H,3-4H2,1-2H3;CC1CCOC(O1)C;3.718;Yamaki, Jun-ichi. Liquid electrolytes. Advances in Lithium-Ion Batteries. Boston, MA: Springer US, 2002. 155-183.
1,3-dioxepane;1,3-dioxepane;DOXP;InChI=1S/C5H10O2/c1-2-4-7-5-6-3-1/h1-5H2;C1CCOCOC1;2.616;Yamaki, Jun-ichi. Liquid electrolytes. Advances in Lithium-Ion Batteries. Boston, MA: Springer US, 2002. 155-183.
methyl 2,2,3,3,3-pentafluoropropanoate;Methyl pentafluoropropionate;5FMP;InChI=1S/C4H3F5O2/c1-11-2(10)3(5,6)4(7,8)9/h1H3;COC(=O)C(C(F)(F)F)(F)F;2.507;Yamaki, Jun-ichi. Liquid electrolytes. Advances in Lithium-Ion Batteries. Boston, MA: Springer US, 2002. 155-183.
methyl 2,3,3,3-tetrafluoro-2-(trifluoromethyl)propanoate;Methyl Heptafluoroisobutyrate;;InChI=1S/C5H3F7O2/c1-14-2(13)3(6,4(7,8)9)5(10,11)12/h1H3;COC(=O)C(C(F)(F)F)(C(F)(F)F)F;2.883;Yamaki, Jun-ichi. Liquid electrolytes. Advances in Lithium-Ion Batteries. Boston, MA: Springer US, 2002. 155-183.
ethyl 2,2,3,3,4,4,4-heptafluorobutanoate;Ethyl heptafluorobutyrate;;InChI=1S/C6H5F7O2/c1-2-15-3(14)4(7,8)5(9,10)6(11,12)13/h2H2,1H3;CCOC(=O)C(C(C(F)(F)F)(F)F)(F)F;2.471;Yamaki, Jun-ichi. Liquid electrolytes. Advances in Lithium-Ion Batteries. Boston, MA: Springer US, 2002. 155-183.
diethyl oxalate;Diethyl oxalate;DEO;InChI=1S/C6H10O4/c1-3-9-5(7)6(8)10-4-2/h3-4H2,1-2H3;CCOC(=O)C(=O)OCC;1.922;J. Electrochem. Soc. 2015,162 A3084 (DOI:10.1149/2.0121502jes)
1-nitrocyclohexene;1-nitrocyclohexene;NcHexene;InChI=1S/C6H9NO2/c8-7(9)6-4-2-1-3-5-6/h4H,1-3,5H2;C1CCC(=CC1)[N+](=O)[O-];3.177;J. Electrochem. Soc. 2015,162 A3084 (DOI:10.1149/2.0121502jes)
1,1,1,2,2,3,3,4,4-nonafluoro-4-methoxybutane;Methyl nonafluorobutyl ether;MTE(MFE,M3);InChI=1S/C5H3F9O/c1-15-5(13,14)3(8,9)2(6,7)4(10,11)12/h1H3;COC(C(C(C(F)(F)F)(F)F)(F)F)(F)F  ;2.809;Electrochemistry 76.1 (2008): 2-15(DOI:10.5796/electrochemistry.76.2)
methyl 2,3,3,3-tetrafluoropropanoate;Methyl 2,3,3,3-tetrafluoropropionate;M4FP(4FMP);InChI=1S/C4H4F4O2/c1-10-3(9)2(5)4(6,7)8/h2H,1H3;COC(=O)C(C(F)(F)F)F;3.266;Chem. Sci., 2024, 15, 4238(DOI:10.1039/d3sc06650a)
methyl 2,2-difluoro-2-fluorosulfonylacetate;Methyl 2,2-difluoro-2-(fluorosulfonyl)acetate;MDFSA;InChI=1S/C3H3F3O4S/c1-10-2(7)3(4,5)11(6,8)9/h1H3;COC(=O)C(F)(F)S(=O)(=O)F;2.861;Chem. Sci., 2024, 15, 4238(DOI:10.1039/d3sc06650a)
N,N-dimethyl-2-oxo-1,3,2lambda5-dioxaphospholan-2-amine;2-(N,Ndimethylamino)-1,3,2-dioxaphospholane 2-oxide;DMAP;InChI=1S/C4H10NO3P/c1-5(2)9(6)7-3-4-8-9/h3-4H2,1-2H3;CN(C)P1(=O)OCCO1;4.281;ACS Energy Lett. 2024, 9, 3628-3635(10.1021/acsenergylett.4c01579)
1,1,1,3,3,3-hexafluoro-2-methoxypropane;Hexafluoroisopropyl methyl ether;HFPM(HFME);InChI=1S/C4H4F6O/c1-11-2(3(5,6)7)4(8,9)10/h2H,1H3;COC(C(F)(F)F)C(F)(F)F;2.998;Acta Phys. -Chim. Sin. 2022, 38 (11), 2205005(DOI:10.3866/PKU.WHXB202205005)
1,1,1,2,3,3-hexafluoro-3-(2,2,2-trifluoroethoxy)propane;1,1,2,3,3,3-Hexafluoropropyl 2,2,2-trifluoroethyl ether;THF-2;InChI=1S/C5H3F9O/c6-2(4(10,11)12)5(13,14)15-1-3(7,8)9/h2H,1H2;C(C(F)(F)F)OC(C(C(F)(F)F)F)(F)F;3.488;Acta Phys. -Chim. Sin. 2022, 38 (11), 2205005(DOI:10.3866/PKU.WHXB202205005)
butanedinitrile;Succinonitrile;SN(SCN);InChI=1S/C4H4N2/c5-3-1-2-4-6/h1-2H2;C(CC#N)C#N;3.146;Chem. Rev. 2014, 114, 11503?11618(DOI: 10.1021/cr500003w)
1,2-bis(2-fluoroethoxy)ethane;;FDEE(E2CH2F);InChI=1S/C6H12F2O2/c7-1-3-9-5-6-10-4-2-8/h1-6H2;C(COCCF)OCCF;2.793;Chem. Sci., 2024, 15, 4238(DOI:10.1039/d3sc06650a)
1-(2-butoxyethoxy)butane;Ethylene glycol dibutyl ether;EGDE(EGDBE);InChI=1S/C10H22O2/c1-3-5-7-11-9-10-12-8-6-4-2/h3-10H2,1-2H3;CCCCOCCOCCCC;1.838;Chem. Sci., 2024, 15, 4238(DOI:10.1039/d3sc06650a)
ethoxymethoxyethane;diethoxymethane;DEM;InChI=1S/C5H12O2/c1-3-6-5-7-4-2/h3-5H2,1-2H3;CCOCOCC;2.272;Chem. Sci., 2024, 15, 4238(DOI:10.1039/d3sc06650a)
1,2-dimethoxypropane;1,2-dimethoxypropane;DMP;InChI=1S/C5H12O2/c1-5(7-3)4-6-2/h5H,4H2,1-3H3;CC(COC)OC;2.767;Chem. Sci., 2024, 15, 4238(DOI:10.1039/d3sc06650a)
1-propoxypropane;dipropyl ether;DPE;InChI=1S/C6H14O/c1-3-5-7-6-4-2/h3-6H2,1-2H3;CCCOCCC;1.829;Chem. Sci., 2024, 15, 4238(DOI:10.1039/d3sc06650a)
1-methoxy-2-(2-methoxyethoxymethoxy)ethane;;BME2;InChI=1S/C7H16O4/c1-8-3-5-10-7-11-6-4-9-2/h3-7H2,1-2H3;COCCOCOCCOC;2.207;Chem. Sci., 2024, 15, 4238(DOI:10.1039/d3sc06650a)
1-methoxybutane;butyl methyl ether;BME;InChI=1S/C5H12O/c1-3-4-5-6-2/h3-5H2,1-2H3;CCCCOC;1.482;Chem. Sci., 2024, 15, 4238(DOI:10.1039/d3sc06650a)
1,4,7,10,13-pentaoxacyclopentadecane;;15-C-5;InChI=1S/C10H20O5/c1-2-12-5-6-14-9-10-15-8-7-13-4-3-11-1/h1-10H2;C1COCCOCCOCCOCCO1;2.222;Chem. Sci., 2024, 15, 4238(DOI:10.1039/d3sc06650a)
1,1,1-trifluoro-2,3-dimethoxypropane;;TFDMP;InChI=1S/C5H9F3O2/c1-9-3-4(10-2)5(6,7)8/h4H,3H2,1-2H3;COCC(C(F)(F)F)OC;3.230;Chem. Sci., 2024, 15, 4238(DOI:10.1039/d3sc06650a)
2,2-dimethoxy-4-(trifluoromethyl)-1,3-dioxolane;;DTDL;InChI=1S/C6H9F3O4/c1-10-6(11-2)12-3-4(13-6)5(7,8)9/h4H,3H2,1-2H3;COC1(OC)OCC(C(F)(F)F)O1;4.257;Chem. Soc. Rev.,2023,52,2713 (DOI:10.1039/d2cs00873d)
2-ethoxy-4-(trifluoromethyl)-1,3-dioxolane;;cFTOF;InChI=1S/C6H9F3O3/c1-2-10-5-11-3-4(12-5)6(7,8)9/h4-5H,2-3H2,1H3;CCOC1OCC(C(F)(F)F)O1;4.175;Chem. Soc. Rev.,2023,52,2713 (DOI:10.1039/d2cs00873d)
4-(trifluoromethyl)-1,3-dioxolane;;TFDOL;InChI=1S/C4H5F3O2/c5-4(6,7)3-1-8-2-9-3/h3H,1-2H2;C1C(OCO1)C(F)(F)F;3.834;Chem. Sci., 2024, 15, 4238(DOI:10.1039/d3sc06650a)
2-(2,2,2-trifluoroethoxy)-4(trifluoromethyl)-1,3-dioxolane;;TTD;InChI=1S/C6H6F6O3/c7-5(8,9)2-14-4-13-1-3(15-4)6(10,11)12/h3-4H,1-2H2;C1C(C(F)(F)F)OC(O1)OCC(F)(F)F;4.221;Chem. Sci., 2024, 15, 4238(DOI:10.1039/d3sc06650a)
1-fluoro-2-(2-fluoroethoxy)ethane;;BFE(E1CH2F);InChI=1S/C4H8F2O/c5-1-3-7-4-2-6/h1-4H2;C(CF)OCCF;3.040;Chem. Soc. Rev.,2023,52,2713 (DOI:10.1039/d2cs00873d)
1,2-bis(2-chloroethoxy)ethane;;Cl-DEE;InChI=1S/C6H12Cl2O2/c7-1-3-9-5-6-10-4-2-8/h1-6H2;C(COCCCl)OCCCl;2.561;Chem. Sci., 2024, 15, 4238(DOI:10.1039/d3sc06650a)
(2,2,3,3-tetrafluoro-4-nitrooxybutyl) nitrate;;AFA;InChI=1S/C4H4F4N2O6/c5-3(6,1-15-9(11)12)4(7,8)2-16-10(13)14/h1-2H2;C(C(C(CO[N+](=O)[O-])(F)F)(F)F)O[N+](=O)[O-];3.463;Chem. Sci., 2024, 15, 4238(DOI:10.1039/d3sc06650a)
2,2,2-trifluoroethyl trifluoromethanesulfonate;;TTMS;InChI=1S/C3H2F6O3S/c4-2(5,6)1-12-13(10,11)3(7,8)9/h1H2;C(C(F)(F)F)OS(=O)(=O)C(F)(F)F;2.751;Chem. Sci., 2024, 15, 4238(DOI:10.1039/d3sc06650a)
2,2,2-trifluoroethyl methanesulfonate;;TM;InChI=1S/C3H5F3O3S/c1-10(7,8)9-2-3(4,5)6/h2H2,1H3;CS(=O)(=O)OCC(F)(F)F;2.583;Chem. Sci., 2024, 15, 4238(DOI:10.1039/d3sc06650a)
N,N-diethyl-2,3,3,3-tetrafluoropropanamide;;DETFP;InChI=1S/C7H11F4NO/c1-3-12(4-2)6(13)5(8)7(9,10)11/h5H,3-4H2,1-2H3;CCN(CC)C(=O)C(C(F)(F)F)F;3.213;Chem. Sci., 2024, 15, 4238(DOI:10.1039/d3sc06650a)
2-(2,2-difluoroethoxy)-1,1-difluoroethane;bis(2,2-difluoroethyl)ether;BDE;InChI=1S/C4H6F4O/c5-3(6)1-9-2-4(7)8/h3-4H,1-2H2;C(C(F)F)OCC(F)F;3.145;Chem. Sci., 2024, 15, 4238(DOI:10.1039/d3sc06650a)
1,1,1-trifluoro-2-(2,2,2-trifluoroethoxymethoxy)ethane;;BTFM;InChI=1S/C5H6F6O2/c6-4(7,8)1-12-3-13-2-5(9,10)11/h1-3H2;C(C(F)(F)F)OCOCC(F)(F)F;2.727;Chem. Sci., 2024, 15, 4238(DOI:10.1039/d3sc06650a)
1,1,2,2-tetrafluoro-3-methoxypropane;;TFMP;InChI=1S/C4H6F4O/c1-9-2-4(7,8)3(5)6/h3H,2H2,1H3;COCC(C(F)F)(F)F;2.921;Chem. Sci., 2024, 15, 4238(DOI:10.1039/d3sc06650a)
3-fluoropyridine;;3-FPN;InChI=1S/C5H4FN/c6-5-2-1-3-7-4-5/h1-4H;C1=CC(=CN=C1)F;1.734;Chem. Sci., 2024, 15, 4238(DOI:10.1039/d3sc06650a)
2,3-dimethoxy-2,3-dimethylbutane;;DMDMB;InChI=1S/C8H18O2/c1-7(2,9-5)8(3,4)10-6/h1-6H3;CC(C)(C(C)(C)OC)OC;2.816;Chem. Sci., 2024, 15, 4238(DOI:10.1039/d3sc06650a)
2,2,4,4,5,5-hexamethyl-1,3-dioxolane;;HMD;InChI=1S/C9H18O2/c1-7(2)8(3,4)11-9(5,6)10-7/h1-6H3;CC1(C(OC(O1)(C)C)(C)C)C;3.125;Chem. Sci., 2024, 15, 4238(DOI:10.1039/d3sc06650a)
1-(2-fluoroethoxy)-2-[2-(2-fluoroethoxy)ethoxy]ethane;;E3CH2F;InChI=1S/C8H16F2O3/c9-1-3-11-5-7-13-8-6-12-4-2-10/h1-8H2;C(COCCF)OCCOCCF;2.589;ACS Energy Lett. 2024, 9, 12, 6144?6152(DOI:10.1021/acsenergylett.4c01999)
2-methoxyethyl methyl carbonate;;MOEMC;InChI=1S/C5H10O4/c1-7-3-4-9-5(6)8-2/h3-4H2,1-2H3;COCCOC(=O)OC;2.054;CALiSol-23,Sci Data 11, 750 (2024)(DOI:10.1038/s41597-024-03575-8)
1-[2-(2-butoxyethoxy)ethoxy]butane;diethylene glycol dibutyl ether ;DGDE;InChI=1S/C12H26O3/c1-3-5-7-13-9-11-15-12-10-14-8-6-4-2/h3-12H2,1-2H3;CCCCOCCOCCOCCCC;1.886;Adv. Funct. Mater. 2024, 34, 2313319(DOI:10.1002/adfm.202313319)
1-ethoxy-1,1,2,2,3,3,4,4,4-nonafluorobutane;1-ethoxy-1,1,2,2,3,3,4,4,4-nonafluorobutane  ;EFE;InChI=1S/C6H5F9O/c1-2-16-6(14,15)4(9,10)3(7,8)5(11,12)13/h2H2,1H3;CCOC(C(C(C(F)(F)F)(F)F)(F)F)(F)F;2.878;Electrochemistry 76.1 (2008): 2-15(DOI:10.5796/electrochemistry.76.2)
butyl methyl carbonate;butyl methyl carbonate ;n-BMC;InChI=1S/C6H12O3/c1-3-4-5-9-6(7)8-2/h3-5H2,1-2H3;CCCCOC(=O)OC;1.927;Chem. Rev. 2014, 114, 11503?11618(DOI: 10.1021/cr500003w)
methyl 2-methylpropyl carbonate;isobutyl methyl carbonate;i-BMC;InChI=1S/C6H12O3/c1-5(2)4-9-6(7)8-3/h5H,4H2,1-3H3;CC(C)COC(=O)OC;2.095;Chem. Rev. 2014, 114, 11503?11618(DOI: 10.1021/cr500003w)
butan-2-yl methyl carbonate;s-butyl methyl carbonate;s-BMC;InChI=1S/C6H12O3/c1-4-5(2)9-6(7)8-3/h5H,4H2,1-3H3;CCC(C)OC(=O)OC;2.695;Chem. Rev. 2014, 114, 11503?11618(DOI: 10.1021/cr500003w)
4-propyl-1,3-dioxolan-2-one;4-propyl-1,3-dioxolan-2-one;PIC;InChI=1S/C6H10O3/c1-2-3-5-4-8-6(7)9-5/h5H,2-4H2,1H3;CCCC1COC(=O)O1;3.196;Chem. Rev. 2014, 114, 11503?11618(DOI: 10.1021/cr500003w)
propyl 2,2,2-trifluoroethyl carbonate;propyl 2,2,2-trifluoroethyl carbonate;PTFEC;InChI=1S/C6H9F3O3/c1-2-3-11-5(10)12-4-6(7,8)9/h2-4H2,1H3;CCCOC(=O)OCC(F)(F)F;2.311;Chem. Rev. 2014, 114, 11503?11618(DOI: 10.1021/cr500003w)
1,1,1,3,3,3-hexafluoropropan-2-yl methyl carbonate;Hexafluoroisopropyl methyl carbonate;MHFPC;InChI=1S/C5H4F6O3/c1-13-3(12)14-2(4(6,7)8)5(9,10)11/h2H,1H3;COC(=O)OC(C(F)(F)F)C(F)(F)F;2.865;Chem. Rev. 2014, 114, 11503?11618(DOI: 10.1021/cr500003w)
ethyl 1,1,1,3,3,3-hexafluoropropan-2-yl carbonate;Ethyl hexafluoroisopropyl carbonate;EHFPC;InChI=1S/C6H6F6O3/c1-2-14-4(13)15-3(5(7,8)9)6(10,11)12/h3H,2H2,1H3;CCOC(=O)OC(C(F)(F)F)C(F)(F)F;2.740;Chem. Rev. 2014, 114, 11503?11618(DOI: 10.1021/cr500003w)
4-(2,2,3,3,3-pentafluoropropoxymethyl)-1,3-dioxolan-2-one;4-(2,2,3,3,3-pentafluoropropoxymethyl)-1,3-dioxolan-2-one;;InChI=1S/C7H7F5O4/c8-6(9,7(10,11)12)3-14-1-4-2-15-5(13)16-4/h4H,1-3H2;C1C(OC(=O)O1)COCC(C(F)(F)F)(F)F;3.519;Chem. Rev. 2014, 114, 11503?11618(DOI: 10.1021/cr500003w)
propyl butanoate;propyl butyrate;;InChI=1S/C7H14O2/c1-3-5-7(8)9-6-4-2/h3-6H2,1-2H3;CCCC(=O)OCCC;1.764;Chem. Rev. 2014, 114, 11503?11618(DOI: 10.1021/cr500003w)
butyl butanoate;butyl butyrate;;InChI=1S/C8H16O2/c1-3-5-7-10-8(9)6-4-2/h3-7H2,1-2H3;CCCCOC(=O)CCC;1.712;Chem. Rev. 2014, 114, 11503?11618(DOI: 10.1021/cr500003w)
1-butylsulfonylbutane;Butyl sulfone;BS;InChI=1S/C8H18O2S/c1-3-5-7-11(9,10)8-6-4-2/h3-8H2,1-2H3;CCCCS(=O)(=O)CCCC;2.074;Chem. Rev. 2014, 114, 11503?11618(DOI: 10.1021/cr500003w)
1-(2-methylpropylsulfonyl)butane;butyl-i-butyl sulfone;BiBS;InChI=1S/C8H18O2S/c1-4-5-6-11(9,10)7-8(2)3/h8H,4-7H2,1-3H3;CCCCS(=O)(=O)CC(C)C ;2.237;Chem. Rev. 2014, 114, 11503?11618(DOI: 10.1021/cr500003w)
3-ethoxypropanenitrile;3-ethoxypropanenitrile;EPN;InChI=1S/C5H9NO/c1-2-7-5-3-4-6/h2-3,5H2,1H3;CCOCCC#N;2.385;Chem. Rev. 2014, 114, 11503?11618(DOI: 10.1021/cr500003w)
3-(2,2,2-trifluoroethoxy)propanenitrile;3-(2,2,2-trifluoroethoxy)propanenitrile;FEPN;InChI=1S/C5H6F3NO/c6-5(7,8)4-10-3-1-2-9/h1,3-4H2;C(COCC(F)(F)F)C#N;2.621;Chem. Rev. 2014, 114, 11503?11618(DOI: 10.1021/cr500003w)
1-(dimethoxyphosphorylmethoxy)-2-methoxyethane;1-(dimethoxyphosphorylmethoxy)-2-methoxyethane;DMMEMP;InChI=1S/C6H15O5P/c1-8-4-5-11-6-12(7,9-2)10-3/h4-6H2,1-3H3;COCCOCP(=O)(OC)OC;2.831;Chem. Rev. 2014, 114, 11503?11618(DOI: 10.1021/cr500003w)
1-(diethoxyphosphorylmethoxy)-2-methoxyethane;1-(diethoxyphosphorylmethoxy)-2-methoxyethane;DEMEMP;InChI=1S/C8H19O5P/c1-4-12-14(9,13-5-2)8-11-7-6-10-3/h4-8H2,1-3H3;CCOP(=O)(COCCOC)OCC;2.662;Chem. Rev. 2014, 114, 11503?11618(DOI: 10.1021/cr500003w)
4,5-dimethyl-1,3,2-dioxathiolane 2-oxide;butylene sulfite;BS-2;InChI=1S/C4H8O3S/c1-3-4(2)7-8(5)6-3/h3-4H,1-2H3;CC1C(OS(=O)O1)C;4.957;Chem. Rev. 2014, 114, 11503?11618(DOI: 10.1021/cr500003w)
1,3,2-dioxathiolane 2,2-dioxide;1,3,2-dioxathiolane 2,2-dioxide;DTD;InChI=1S/C2H4O4S/c3-7(4)5-1-2-6-7/h1-2H2;C1COS(=O)(=O)O1;4.109;Chem. Rev. 2014, 114, 11503?11618(DOI: 10.1021/cr500003w)
4-methyl-1,3,2-dioxathiolane 2,2-dioxide;4-methyl-1,3,2-dioxathiolane 2,2-dioxide;MDTD;InChI=1S/C3H6O4S/c1-3-2-6-8(4,5)7-3/h3H,2H2,1H3;CC1COS(=O)(=O)O1;4.515;Chem. Rev. 2014, 114, 11503?11618(DOI: 10.1021/cr500003w)
4-ethyl-1,3,2-dioxathiolane 2,2-dioxide;4-ethyl-1,3,2-dioxathiolane 2,2-dioxide ;MDTD-2;InChI=1S/C4H8O4S/c1-2-4-3-7-9(5,6)8-4/h4H,2-3H2,1H3;CCC1COS(=O)(=O)O1;4.369;Chem. Rev. 2014, 114, 11503?11618(DOI: 10.1021/cr500003w)
1,3,2lambda6-benzodioxathiole 2,2-dioxide;phenyl cyclic sulfate;PCS;InChI=1S/C6H4O4S/c7-11(8)9-5-3-1-2-4-6(5)10-11/h1-4H;C1=CC=C2C(=C1)OS(=O)(=O)O2;2.942;Chem. Rev. 2014, 114, 11503?11618(DOI: 10.1021/cr500003w)
5H-oxathiole 2,2-dioxide;prop-1-ene-1,3-sultone;PES;InChI=1S/C3H4O3S/c4-7(5)3-1-2-6-7/h1,3H,2H2;C1C=CS(=O)(=O)O1;4.384;Chem. Rev. 2014, 114, 11503?11618(DOI: 10.1021/cr500003w)
5-fluorooxolan-2-one;5-fluorooxolan-2-one;g-F-g-BL;InChI=1S/C4H5FO2/c5-3-1-2-4(6)7-3/h3H,1-2H2;C1CC(=O)OC1F;3.973;Chem. Soc. Rev.,2023,52,2713 (DOI:10.1039/d2cs00873d)
3-fluorooxolane;3-fluorooxolane;;InChI=1S/C4H7FO/c5-4-1-2-6-3-4/h4H,1-3H2;C1COCC1F;3.838;Chem. Soc. Rev.,2023,52,2713 (DOI:10.1039/d2cs00873d)
3-(trifluoromethyl)oxolane;3-(trifluoromethyl)oxolane;;InChI=1S/C5H7F3O/c6-5(7,8)4-1-2-9-3-4/h4H,1-3H2;C1COCC1C(F)(F)F;3.240;Chem. Soc. Rev.,2023,52,2713 (DOI:10.1039/d2cs00873d)
2-(trifluoromethyl)oxolane;2-(trifluoromethyl)oxolane;;InChI=1S/C5H7F3O/c6-5(7,8)4-2-1-3-9-4/h4H,1-3H2;C1CC(OC1)C(F)(F)F;3.254;Chem. Soc. Rev.,2023,52,2713 (DOI:10.1039/d2cs00873d)
2-fluoro-1,3-dioxolane;2-fluoro-1,3-dioxolane;;InChI=1S/C3H5FO2/c4-3-5-1-2-6-3/h3H,1-2H2;C1COC(O1)F;3.773;Chem. Soc. Rev.,2023,52,2713 (DOI:10.1039/d2cs00873d)
2-fluoro-1,4-dioxane;2-fluoro-1,4-dioxane;;InChI=1S/C4H7FO2/c5-4-3-6-1-2-7-4/h4H,1-3H2;C1COC(CO1)F;3.922;Chem. Soc. Rev.,2023,52,2713 (DOI:10.1039/d2cs00873d)
diethoxymethoxyethane;diethoxymethoxyethane;TOF;InChI=1S/C7H16O3/c1-4-8-7(9-5-2)10-6-3/h7H,4-6H2,1-3H3;CCOC(OCC)OCC;2.784;Chem. Soc. Rev.,2023,52,2713 (DOI:10.1039/d2cs00873d)
2-(methoxymethyl)oxolane;Methyl tetrahydrofurfuryl ether;2-MMTHF;InChI=1S/C6H12O2/c1-7-5-6-3-2-4-8-6/h6H,2-5H2,1H3;COCC1CCCO1;2.546;Yamaki, Jun-ichi. Liquid electrolytes. Advances in Lithium-Ion Batteries. Boston, MA: Springer US, 2002. 155-183.
2-methoxy-1-(2-methoxypropoxy)propane;2-methoxy-1-(2-methoxypropoxy)propane;DMM-2;InChI=1S/C8H18O3/c1-7(9-3)5-11-6-8(2)10-4/h7-8H,5-6H2,1-4H3;CC(COCC(C)OC)OC;3.449;Chem. Sci., 2024, 15, 4238(DOI:10.1039/d3sc06650a)
1-ethylpyrrolidin-2-one;N-Ethyl-2-pyrrolidone;NEP;InChI=1S/C6H11NO/c1-2-7-5-3-4-6(7)8/h2-5H2,1H3;CCN1CCCC1=O;2.076;Energy Technol. 2025, 2500556(DOI:10.1002/ente.202500556)
1-methylpiperidin-2-one;N-Methyl-2-piperidone;NMPi;InChI=1S/C6H11NO/c1-7-5-3-2-4-6(7)8/h2-5H2,1H3;CN1CCCCC1=O;2.019;Energy Technol. 2025, 2500556(DOI:10.1002/ente.202500556)
1-methylazepan-2-one;N-Methyl-e-caprolactam;NMC;InChI=1S/C7H13NO/c1-8-6-4-2-3-5-7(8)9/h2-6H2,1H3;CN1CCCCCC1=O;1.957;Energy Technol. 2025, 2500556(DOI:10.1002/ente.202500556)
N,N-diethylformamide;N,N-diethylformamide;DEF;InChI=1S/C5H11NO/c1-3-6(4-2)5-7/h5H,3-4H2,1-2H3;CCN(CC)C=O;3.042;Journal of The Electrochemical Society, 160 (1) A160-A171 (2013)(DOI:10.1149/2.027302jes)
bis(2-methoxyethyl) carbonate;bis(2-methoxyethyl) carbonate;BMEC;InChI=1S/C7H14O5/c1-9-3-5-11-7(8)12-6-4-10-2/h3-6H2,1-2H3;COCCOC(=O)OCCOC ;2.077;Chen, Lin, WO2025138400A1 (patent)
difluoromethyl ethyl carbonate;difluoromethyl ethyl carbonate;;InChI=1S/C4H6F2O3/c1-2-8-4(7)9-3(5)6/h3H,2H2,1H3;CCOC(=O)OC(F)F;2.651;Zheng, Yezhen,Secondary battery and electronic device, CN117913217A(patent)
2-fluoroethyl fluoromethyl carbonate;2-fluoroethyl fluoromethyl carbonate;;InChI=1S/C4H6F2O3/c5-1-2-8-4(7)9-3-6/h1-3H2;C(CF)OC(=O)OCF;3.111;Zheng, Yezhen,Secondary battery and electronic device, CN117913217A(patent)
difluoromethyl 2-fluoroethyl carbonate;difluoromethyl 2-fluoroethyl carbonate;;InChI=1S/C4H5F3O3/c5-1-2-9-4(8)10-3(6)7/h3H,1-2H2;C(CF)OC(=O)OC(F)F;3.123;Zheng, Yezhen,Secondary battery and electronic device, CN117913217A(patent)
2,2,3,3-tetrafluoropropyl propanoate;2,2,3,3-tetrafluoropropyl propanoate;;InChI=1S/C6H8F4O2/c1-2-4(11)12-3-6(9,10)5(7)8/h5H,2-3H2,1H3;CCC(=O)OCC(C(F)F)(F)F;2.690;Zheng, Yezhen,Secondary battery and electronic device, CN117913217A(patent)
2,2-difluoroethyl acetate;2,2-difluoroethyl acetate;;InChI=1S/C4H6F2O2/c1-3(7)8-2-4(5)6/h4H,2H2,1H3;CC(=O)OCC(F)F;2.453;Zheng, Yezhen,Secondary battery and electronic device, CN117913217A(patent)
2,2,2-trifluoroethyl trifluoromethyl carbonate;2,2,2-trifluoroethyl trifluoromethyl carbonate;;InChI=1S/C4H2F6O3/c5-3(6,7)1-12-2(11)13-4(8,9)10/h1H2;C(C(F)(F)F)OC(=O)OC(F)(F)F;2.730;Zheng, Yezhen,Secondary battery and electronic device, CN117913217A(patent)
2,2,2-trifluoroethyl butanoate;2,2,2-trifluoroethyl butanoate;;InChI=1S/C6H9F3O2/c1-2-3-5(10)11-4-6(7,8)9/h2-4H2,1H3;CCCC(=O)OCC(F)(F)F;2.138;Zheng, Yezhen,Secondary battery and electronic device, CN117913217A(patent)
methyl trifluoromethyl carbonate;methyl trifluoromethyl carbonate;;InChI=1S/C3H3F3O3/c1-8-2(7)9-3(4,5)6/h1H3;COC(=O)OC(F)(F)F;2.649;Zheng, Yezhen,Secondary battery and electronic device, CN117913217A(patent)
phenyl acetate;phenyl acetate;PA;InChI=1S/C8H8O2/c1-7(9)10-8-5-3-2-4-6-8/h2-6H,1H3;CC(=O)OC1=CC=CC=C1;1.311;Chemistry Letters Vol.34, No.7 (2005)(DOI:10.1246/cl.2005.1052)
acetyl acetate;Acetic anhydride;AA;InChI=1S/C4H6O3/c1-3(5)7-4(2)6/h1-2H3;CC(=O)OC(=O)C;2.316;Chemistry Letters Vol.34, No.7 (2005)(DOI:10.1246/cl.2005.1052)
prop-1-en-2-yl acetate;Isopropenyl acetate;iPA-2;InChI=1S/C5H8O2/c1-4(2)7-5(3)6/h1H2,2-3H3;CC(=C)OC(=O)C;2.878;Chemistry Letters Vol.34, No.7 (2005)(DOI:10.1246/cl.2005.1052)
(1,1-dioxothiolan-3-yl) methyl carbonate;(1,1-dioxothiolan-3-yl) methyl carbonate;MCSL;InChI=1S/C6H10O5S/c1-10-6(7)11-5-2-3-12(8,9)4-5/h5H,2-4H2,1H3;COC(=O)OC1CCS(=O)(=O)C1;3.129;ChemElectroChem 2018, 5, 2279 ? 2287(DOI:10.1002/celc.201701343)
fluoro(fluoromethylsulfonyl)methane;fluoromethyl sulfone;;InChI=1S/C2H4F2O2S/c3-1-7(5,6)2-4/h1-2H2;C(F)S(=O)(=O)CF;3.545;Sudo, Hitoshi,Electrochemical device containing sulfone in electrolytic solution,JP2013051342 A(patent)
difluoro(fluoromethylsulfonyl)methane;difluoro(fluoromethylsulfonyl)methane;;InChI=1S/C2H3F3O2S/c3-1-8(6,7)2(4)5/h2H,1H2;C(F)S(=O)(=O)C(F)F ;3.534;Sudo, Hitoshi,Electrochemical device containing sulfone in electrolytic solution,JP2013051342 A(patent)
trifluoro(fluoromethylsulfonyl)methane;trifluoro(fluoromethylsulfonyl)methane;;InChI=1S/C2H2F4O2S/c3-1-9(7,8)2(4,5)6/h1H2;C(F)S(=O)(=O)C(F)(F)F;3.176;Sudo, Hitoshi,Electrochemical device containing sulfone in electrolytic solution,JP2013051342 A(patent)
trifluoro(trifluoromethylsulfonyl)methane;bis(trifluoromethyl) sulfone;;InChI=1S/C2F6O2S/c3-1(4,5)11(9,10)2(6,7)8;C(F)(F)(F)S(=O)(=O)C(F)(F)F;2.851;Sudo, Hitoshi,Electrochemical device containing sulfone in electrolytic solution,JP2013051342 A(patent)
1,1,1,2,2-pentafluoro-2-(trifluoromethylsulfonyl)ethane;;;InChI=1S/C3F8O2S/c4-1(5,6)2(7,8)14(12,13)3(9,10)11;C(C(F)(F)S(=O)(=O)C(F)(F)F)(F)(F)F;3.068;Sudo, Hitoshi,Electrochemical device containing sulfone in electrolytic solution,JP2013051342 A(patent)
2-methylfuran;2-methylfuran;;InChI=1S/C5H6O/c1-5-3-2-4-6-5/h2-4H,1H3;CC1=CC=CO1;2.743;Cha, Seon Yeong,An electrolyte for lithium-sulfur secondary battery, capable of lowering the resistance of lithium-sulfur secondary battery, IN202517023894 A (patent)
2-propylfuran;2-propylfuran;;InChI=1S/C7H10O/c1-2-4-7-5-3-6-8-7/h3,5-6H,2,4H2,1H3;CCCC1=CC=CO1;1.876;Cha, Seon Yeong,An electrolyte for lithium-sulfur secondary battery, capable of lowering the resistance of lithium-sulfur secondary battery, IN202517023894 A (patent)
2-butylfuran;2-butylfuran;;InChI=1S/C8H12O/c1-2-3-5-8-6-4-7-9-8/h4,6-7H,2-3,5H2,1H3;CCCCC1=CC=CO1;1.805;Cha, Seon Yeong,An electrolyte for lithium-sulfur secondary battery, capable of lowering the resistance of lithium-sulfur secondary battery, IN202517023894 A (patent)
2,4-dimethylfuran;2,4-dimethylfuran;;InChI=1S/C6H8O/c1-5-3-6(2)7-4-5/h3-4H,1-2H3;CC1=CC(=CO1)C;2.845;Cha, Seon Yeong,An electrolyte for lithium-sulfur secondary battery, capable of lowering the resistance of lithium-sulfur secondary battery, IN202517023894 A (patent)
4,4-dimethyl-1,3-dioxolan-2-one;4,4-dimethyl-1,3-dioxolan-2-one;i-BC;InChI=1S/C5H8O3/c1-5(2)3-7-4(6)8-5/h3H2,1-2H3;CC1(COC(=O)O1)C;3.328;Chem. Rev. 2014, 114, 11503?11618(DOI: 10.1021/cr500003w)
